"x1","x2","x3","x4","x5"
0.117588038050762,-0.101738062089035,-0.0753016418643622,0.984170200872359,0.0395107387570988
0.141939871263257,-0.0978693263041447,-0.078270044468279,0.981167407494189,0.0381966821151998
0.140969036424893,-0.0968419509489232,-0.078661398207881,0.981384551674135,0.0380277986896823
0.140134679191731,-0.095890314522277,-0.0790101460796852,0.981574195178093,0.0379053485090876
0.140631076261007,-0.0951064174231415,-0.0813355641438915,0.981493528277948,0.0351091114741794
0.140576582964488,-0.0941224839229801,-0.0815071178609615,0.981575926472587,0.0352770839168783
0.1406824033146,-0.0931020163992544,-0.0816679712829227,0.981636569118585,0.0355030220635753
0.175593445348129,-0.0942861403267699,-0.0832767147881159,0.975832455376686,0.033061662097684
0.176360728782838,-0.0945574284123801,-0.0852841636535403,0.97562269270194,0.0290303115752385
0.219777084210406,-0.0978971512136378,-0.0872198151970432,0.966528422280049,0.0181574723477333
0.220136938085364,-0.0986527701015673,-0.0892652980591194,0.966282638465834,0.011701649610698
0.220059235075753,-0.0997409939773856,-0.0910243719509178,0.96606847356579,0.00720661303820302
0.270133862754265,-0.106733315018428,-0.0934805456889948,0.952293413213617,-0.00585989643973757
0.290078237072204,-0.103567544805037,-0.0909679935134829,0.94702331306321,0.000220705802396755
0.289316246204962,-0.105861620527059,-0.0921482734145122,0.946884928490553,-0.00265610342777885
0.303745211280864,-0.10296937680856,-0.0903870700467009,0.942850104943847,-0.000106015797365175
0.368748860066785,-0.112745418433691,-0.0899380590217189,0.918253546904913,-0.00585815308872208
0.305507995713653,-0.100283877236342,-0.0916908648856275,0.942444053415373,0
0.160258349898771,-0.0876876137312397,-0.0959083884124564,0.978483379888473,0
0.262409827455275,-0.0807456792139303,-0.0902511318979746,0.95732750453244,0
0.20874932700163,-0.0670806698715618,-0.0903985764822998,0.971468990537486,0
0.16508701651242,-0.0522842301039239,-0.0897086970856216,0.980798137196777,0
0.0393784574633515,-0.0296122518823602,-0.0913320049116762,0.994600883020459,0
0.107367089334344,-0.0256753918627847,-0.0892114970177374,0.989875947369375,0
0.0807634396359572,-0.0137045090554379,-0.0896498102760223,0.992598793454431,0
0.0916945811361036,0.00589960398451811,-0.0849056956609009,0.992143296760825,0
0.264428786893479,0.00526087465400393,-0.0789393014565768,0.961154683984563,0
0.27994279403749,0.0145574982952308,-0.0797575122837459,0.956587084663062,0
0.352143495960723,0.0144394226274566,-0.0802908902204294,0.932383952175474,0
0.303825093824664,0.0203971396982812,-0.0899891118098995,0.948249033118531,0
0.372197220027715,0.0123824562951372,-0.0927336415665373,0.923426432316916,0
0.391592735555417,0.00431615390128592,-0.0968834137003302,0.915013718162464,0
0.411620890773796,-0.00527687783091513,-0.100812098280988,0.905746828688419,0
0.434336883772164,-0.0166151298243931,-0.104547725154456,0.894508346535141,0
0.459852417069001,-0.0301492411814661,-0.110399600630465,0.880589976068665,0
0.512559117825011,-0.0337730242367855,-0.111249394243001,0.850744442149881,0
0.431538167133021,-0.0618384213799893,-0.138036309379139,0.889323786503931,0
0.49027542319962,-0.083638931122114,-0.145968848369829,0.855176960583463,0
0.414631978231762,-0.102395664164389,-0.171457106827811,0.887805108740756,0
0.534072206816842,-0.121184995704509,-0.173873607450598,0.818443060544839,0
0.619996224023832,-0.132248219965998,-0.17264577524547,0.753862405749156,0
0.698251442449735,-0.139090752795894,-0.16726510055443,0.681997853178478,0
0.787311941231794,-0.144027136057215,-0.154976740586262,0.579118555349627,0
0.831200502471046,-0.14514384906662,-0.147057284294273,0.516152247797102,0
0.879653299979485,-0.143277965338892,-0.138924935779522,0.431719073822556,0
0.908728135493653,-0.139354623904322,-0.128203226537823,0.371964241915813,0
0.907822136214881,-0.13916497136303,-0.127199097092818,0.374583060805677,0
0.91391523840147,-0.135154666426655,-0.121414474811013,0.362974762851428,0
0.913002071742545,-0.134945086185356,-0.120299712150765,0.36571166233071,0
0.912075093202757,-0.134617029757674,-0.119239337431098,0.368482374161094,0
0.911129544553222,-0.134134370268743,-0.118243563875773,0.371307666708892,0
0.886003080939557,-0.161093674433955,-0.150782763767399,0.407813593169285,0
0.88505787548783,-0.160869241533832,-0.150240710485284,0.410147989240683,0
0.891407175757358,-0.157573087607353,-0.145442825396681,0.399262261691243,0
0.853469958949872,-0.177813990339697,-0.184320739951934,0.453869010655222,0
0.852542806694853,-0.178191751455225,-0.18406951290539,0.455562154798831,0
0.862199829332367,-0.175184141111922,-0.179122024084005,0.440269544131961,0
0.804557764626356,-0.19399095565438,-0.221963420160574,0.515544908436077,0
0.710427168667098,-0.211719262639538,-0.263118903663604,0.617443628505376,0
0.588674626564814,-0.222051457022057,-0.293384738007582,0.719778250558727,0
0.60271042298556,-0.222215267959505,-0.293101902769664,0.708132611382258,0
0.604589408240229,-0.223404613013596,-0.29397674763272,0.705790123322269,0
0.619236761722299,-0.223478330565585,-0.293658791669334,0.693085696558951,0
0.475961615126098,-0.228139987695703,-0.314715949222959,0.788902122094656,0
0.354679939567757,-0.225629516440772,-0.322078264651001,0.848268267247051,0
0.358547109355136,-0.227458552857653,-0.324006564999228,0.845414882139166,0
0.362431198947788,-0.229331998685309,-0.326082956036385,0.842449028838448,0
0.265591649660475,-0.224536068439293,-0.326562891018191,0.87886364574392,0
0.191800096825962,-0.220058812647542,-0.324072243640842,0.89986889196999,0
-0.00783349621814109,-0.186502419215061,-0.287169398902645,0.939515417807405,0
0.00825237886797002,-0.193436628981504,-0.299676820989027,0.934188402718211,0
0.0446437719658151,-0.202220781028961,-0.313991093448795,0.926565314794123,0
-0.328845789289253,-0.130561642381089,-0.21973414339629,0.90913750919835,0
-0.477902118111292,-0.0975940963993938,-0.175395213099656,0.855173360830687,0
-0.608801155761277,-0.0592564578854885,-0.119898414390043,0.781968154830715,0
-0.662453685753905,-0.0399985289584945,-0.0927168725404428,0.742265999126015,0
-0.674360931172508,-0.035795976789899,-0.0854027281580347,0.732572424117213,0
-0.723134671528598,-0.0209440033430808,-0.0639727551373354,0.687419145905415,0
-0.716641573418815,-0.0235422297056787,-0.0677619596744839,0.693742701215201,0
-0.712526934375372,-0.0251835240490753,-0.0686780741276129,0.697821237882759,0
-0.710310285700785,-0.0260785690167329,-0.0684751326193053,0.700064541652038,0
-0.733944233750142,-0.0178273388100428,-0.0601494870036265,0.676306207977621,0
-0.758009366532986,-0.00878875875535362,-0.0490827733807251,0.650334867068542,0
-0.749564278351179,-0.0124933204105819,-0.0530425856417215,0.659684616823399,0
-0.743002811191606,-0.0152491699785848,-0.0557204586822587,0.666790458735407,0
-0.73790594186897,-0.0171893953649382,-0.0574390890148078,0.67223514985056,0
-0.733763202833555,-0.0187922475392814,-0.0600718997056185,0.676483392601491,0
-0.748643077541633,-0.0165331467145114,-0.054261025177142,0.660542155093401,0
-0.743427697683308,-0.018342922237902,-0.0566305535115711,0.666161974245036,0
-0.739120595546734,-0.0198616376858519,-0.058675741186213,0.670718583299527,0
-0.753994535978846,-0.0156370932992108,-0.048992854142628,0.654864429687669,0
-0.763678462983296,-0.0135334043794458,-0.0404891535212401,0.644183732011688,0
-0.758461370338037,-0.0159743569468398,-0.0456629253183101,0.649920046526076,0
-0.766731342484544,-0.0139898149390589,-0.037281248828775,0.640731958010202,0
-0.773329283833443,-0.0128289447103412,-0.0305514209659595,0.633138095221124,0
-0.769067524044192,-0.0141436761878854,-0.0337029315233313,0.63812162813304,0
-0.775709913007175,-0.0135539782935166,-0.0280978350962476,0.630318119839279,0
-0.77292128154114,-0.0146616648770092,-0.0311614002006128,0.633566646266495,0
-0.778085741722897,-0.0148589853408055,-0.0234904073373582,0.627542819132923,0
-0.781960167091393,-0.0150799746084692,-0.0142461899877091,0.622983095692847,0
-0.786353320982044,-0.015926660360994,-0.00335874546715154,0.61756255950239,0
-0.783603474649227,-0.0169898065683901,-0.00840004079751211,0.620972125223852,0
-0.785991665032249,-0.0170469833517271,0.0030417679726322,0.617994539220242,0
-0.788046433775898,-0.0162666932953022,0.0134879622701968,0.615253027441656,0
-0.789917618792848,-0.0154738262293831,0.023512193350187,0.612566643710155,0
-0.792833900357671,-0.0150450682607952,0.0333208879676693,0.608340176866297,0
-0.794708314119094,-0.014244733379646,0.0428094214490411,0.605312428813525,0
-0.796538381973283,-0.0133599705342859,0.0521351384799062,0.602187715389801,0
-0.792781313085103,-0.0145213188124364,0.0473265564484098,0.607492483885804,0
-0.790300462516641,-0.0159601632138959,0.0429778080786705,0.611001931379045,0
-0.792670605944658,-0.0148647145114832,0.0506778488688246,0.607358301472738,0
-0.789964018668889,-0.016520431758196,0.0459987939747424,0.611202123275019,0
-0.789052037928025,-0.0162739606581458,0.0355693408504182,0.613079816694038,0
-0.787257963444992,-0.0163979956005119,0.0234874063528053,0.615958072011031,0
-0.788654089569904,-0.0156931030786769,0.0136234766076176,0.614485845569733,0
-0.787340543936141,-0.0160763563462319,0.00499731137025486,0.6162884434419,0
-0.787315967497716,-0.0160560222223294,0.00495189885172023,0.616320736444341,0
-0.787293119714684,-0.0160355259288372,0.00490488485283122,0.616350831639487,0
-0.786032372700281,-0.0157661467154079,0.00463580470768443,0.617966865616294,0
-0.784796650692966,-0.015447803879902,0.00434301260295306,0.619545575932813,0
-0.784789825239013,-0.0154219295546533,0.00427763629654812,0.619555321273125,0
-0.783598453912242,-0.0150640897349034,0.00393458859205065,0.621072504011741,0
-0.783608098058378,-0.0150525854554372,0.00386186303880809,0.621061071346697,0
-0.78362100195658,-0.0150536117462499,0.0038110327175539,0.621045078956097,0
-0.769789818901438,-0.018847930055763,-0.00421638219172082,0.638005182086727,0
-0.767140408472989,-0.0228639978055918,-0.00759532335094776,0.641026631549295,0
-0.765794980713183,-0.0288765547113253,-0.0101588812742708,0.642355812018351,0
-0.763607892734938,-0.0338609199444815,-0.0114009957889921,0.644690965927428,0
-0.761766796862674,-0.0395652973954581,-0.0130486654803315,0.646510376381364,0
-0.760028470428054,-0.044830839219714,-0.0146102015370741,0.648177029834207,0
-0.758215517388003,-0.0498855137106254,-0.0161301208195855,0.649892671074398,0
-0.75621966430897,-0.054748160229448,-0.0175529535275858,0.651787045043377,0
-0.754037053925668,-0.0593892057177671,-0.0188840346457913,0.653868822308273,0
-0.751828540977819,-0.0634926143247974,-0.0200835921894,0.65598718144651,0
-0.749547823228119,-0.0673583120110924,-0.0211573214384909,0.658174206609886,0
-0.750042123868056,-0.0687224886760816,-0.0217943674339764,0.657448885862478,0
-0.75049092272302,-0.0701245127093637,-0.0224831914727988,0.65676512828318,0
-0.748572717639685,-0.0730525136870086,-0.0233746298347502,0.658601429796226,0
-0.748974591305651,-0.0745736884223944,-0.0240752392115917,0.657948485392677,0
-0.746905219775241,-0.0772195727810311,-0.0246943599001541,0.659969634787189,0
-0.744843919516661,-0.0799335222594155,-0.0252223177030814,0.661953172262168,0
-0.742553892711537,-0.0826937246889783,-0.0257356541606487,0.664163489226056,0
-0.740156462103967,-0.0854355795094647,-0.0261653158388836,0.666471717034318,0
-0.737916679891712,-0.088137539175644,-0.0266109515973829,0.668582534157703,0
-0.735723677844352,-0.091017984223983,-0.0271030035814042,0.670590652785923,0
-0.733640924324747,-0.0938471028559101,-0.0275983935292977,0.672459697019893,0
-0.731575131920186,-0.0967740947369178,-0.0281272434655039,0.674271057601352,0
-0.729206294579565,-0.0979282927353732,-0.0282737714904542,0.676660050005305,0
-0.726879614479111,-0.0991255833509407,-0.0284615600038118,0.678977234067671,0
-0.724562219349333,-0.100333281784274,-0.0286844875797863,0.681263548878297,0
-0.722472997204558,-0.101495277575006,-0.0288486457156141,0.683300250680921,0
-0.720327129661363,-0.102713932403782,-0.0290898528056346,0.685370304891976,0
-0.718211930684277,-0.103995683207337,-0.0293661832156655,0.687382097366775,0
-0.716130856924637,-0.105429168216786,-0.029672613059136,0.689319100477961,0
-0.714175840833761,-0.106951170374853,-0.0299533634067704,0.691098481799419,0
-0.711258822866029,-0.108076788291259,-0.0306925004283122,0.693893554621553,0
-0.710212700967268,-0.109608923464841,-0.0307297779848024,0.694722595016645,0
-0.709423269660014,-0.110969766313438,-0.0307292927822186,0.695312912287943,0
-0.708676602411797,-0.112188682258809,-0.0307896118835971,0.69587583128541,0
-0.708001153698707,-0.1133239724123,-0.0309496476412565,0.69637214400698,0
-0.708073747252427,-0.113898210993361,-0.0309247066608628,0.696205737194371,0
-0.706204090479858,-0.113975686567383,-0.0316057888235999,0.698059022987203,0
-0.706523245298679,-0.114213301677153,-0.0317733663246993,0.697689528920295,0
-0.707041324717502,-0.114447703985113,-0.0320153982035853,0.697114985115169,0
-0.706900914005734,-0.114526757923945,-0.0321045472221888,0.697240286805737,0
-0.707524679804992,-0.114874925795291,-0.0325554833725101,0.696529051363081,0
-0.70506563574867,-0.114967862037464,-0.0330321416881349,0.69898048442024,0
-0.705073838149449,-0.114962375943635,-0.0330521760891064,0.69897216577656,0
-0.705073265268395,-0.114961076756194,-0.0330819153807997,0.698971550429313,0
-0.706616492091124,-0.115160638877172,-0.0330934465997509,0.697377934946601,0
-0.706563519491343,-0.115189934766836,-0.0331476883223052,0.697424191300607,0
-0.70822651130497,-0.1151255921001,-0.0330552623009212,0.695750426778604,0
-0.708105512948232,-0.115205035845113,-0.0331463164500161,0.695856094285336,0
-0.709796412739844,-0.114818907904162,-0.0329867379458835,0.694202813282282,0
-0.709642477990217,-0.114929785544381,-0.0331048822678873,0.694336204296345,0
-0.70948630974209,-0.115046491888815,-0.0332304651198618,0.694470458104984,0
-0.709340744816677,-0.115157326754998,-0.0333581332218094,0.694594653582591,0
-0.709203850559231,-0.11525675558677,-0.033485554089061,0.694711808098091,0
-0.710867710024671,-0.114911395313487,-0.033243354234586,0.693078169812484,0
-0.71075232460892,-0.114993713232431,-0.0333737955705012,0.69317657833286,0
-0.710655665493796,-0.115057684055436,-0.0334938564254426,0.693259270419892,0
-0.712770848059912,-0.114927725138982,-0.033173682127187,0.691121438652034,0
-0.712743052735481,-0.114943898219987,-0.0332443591759823,0.691144018003686,0
-0.712770157876671,-0.114927997570602,-0.03326121001388,0.691117898280235,0
-0.715565818025868,-0.115173530768644,-0.0334148802599374,0.688174442754502,0
-0.718728682099061,-0.115572233739605,-0.0337544327455248,0.68478666647841,0
-0.722352443747544,-0.116113707297513,-0.0344625575830185,0.680835432475732,0
-0.722612529020254,-0.11599752622158,-0.0342519862720141,0.680589823792458,0
-0.72691831125585,-0.116678559006641,-0.0354773304409347,0.675808583589955,0
-0.731383015427745,-0.117499316214874,-0.0364106397035753,0.670780933501566,0
-0.736194645351622,-0.11827779929903,-0.0373370647045257,0.665307259803941,0
-0.741260667508469,-0.119038796648227,-0.0381618517180555,0.659474078922659,0
-0.746581116618699,-0.119611283583552,-0.0385925399686441,0.65331492636143,0
-0.746861322178864,-0.119467919783546,-0.0382617501747792,0.653040289759671,0
-0.752283644860392,-0.119826260260455,-0.038371750560549,0.64671368764429,0
-0.757907702872226,-0.120165562750518,-0.0384303453922871,0.640046295207485,0
-0.758065711996675,-0.120058942878966,-0.0380737713410069,0.639900472312399,0
-0.753691593448231,-0.120101853383565,-0.0389374390535334,0.644987133685047,0
-0.753842951478892,-0.120008952261966,-0.0386299387698238,0.64484601550542,0
-0.749662285176851,-0.120027065490029,-0.0394468012132722,0.649649068041597,0
-0.747253357231414,-0.119714441152222,-0.0395855942879271,0.652467511383412,0
-0.740966409876093,-0.117752657515413,-0.0385519195100797,0.660012757895997,0
-0.742723483383549,-0.117195012726162,-0.0375606124406383,0.658191732412225,0
-0.744553389418685,-0.116599634080904,-0.0365276714915696,0.656285383695806,0
-0.741830652088898,-0.116085431960063,-0.0364596519253229,0.659455949923488,0
-0.743603774879878,-0.11544592846728,-0.0354147016047551,0.65762562487708,0
-0.745501718737045,-0.114817932592596,-0.0343250904118299,0.655641531542576,0
-0.738244779720182,-0.114017792618436,-0.0340842559848931,0.663952446848624,0
-0.735091379732865,-0.113644459847008,-0.0337461311401938,0.667522882620202,0
-0.727600097161391,-0.113287114940315,-0.0336693371496119,0.67574440725406,0
-0.719885368164267,-0.112963940275035,-0.0336626658633994,0.684010986627777,0
-0.716612671031652,-0.112603683529488,-0.0332655671915384,0.687517339571809,0
-0.713087691788022,-0.112339192660388,-0.0329481785223218,0.691230979589966,0
-0.709271920036218,-0.112096761470185,-0.032784011500566,0.695192684157396,0
-0.705263661637328,-0.111695636202513,-0.0323694045787122,0.699342172383765,0
-0.701255785457942,-0.111321551329999,-0.0319204479749345,0.703440772611545,0
-0.697335250524067,-0.110925578290181,-0.031314506976505,0.707416755604745,0
-0.688438125855197,-0.110697055342364,-0.0313183512617672,0.716113307851319,0
-0.679516515820643,-0.110511478786333,-0.0313144283837007,0.724612947964935,0
-0.674458275094592,-0.110264258407887,-0.0315594970067447,0.729350277043114,0
-0.669062373917317,-0.110004354324492,-0.0319282032751138,0.734326338676068,0
-0.669011009673899,-0.10969718194965,-0.0314940827524474,0.734437825795348,0
-0.668894765718283,-0.109424226652552,-0.031070984350727,0.734602426450969,0
-0.668797809614655,-0.109167551649177,-0.0306532219522498,0.734746429392828,0
-0.668702088329222,-0.108912031447515,-0.0302421790629394,0.734888492953616,0
-0.662546969781028,-0.10921090263688,-0.031063261575241,0.740364481427576,0
-0.660876901020442,-0.10941104482275,-0.0302100388563609,0.741861374193796,0
-0.653748871542292,-0.110498484887894,-0.0308981595520446,0.747962433235089,0
-0.647680673367959,-0.110948472829373,-0.031880840807135,0.753116055938185,0
-0.641713040205942,-0.112857569072264,-0.0323237380289587,0.757906801059722,0
-0.6416130099828,-0.112716338135474,-0.0320202067205196,0.758025381435026,0
-0.64215261356957,-0.113918230912967,-0.0310002628093752,0.757430948177575,0
-0.63687287224874,-0.115660121161129,-0.0312747482349223,0.761601976815629,0
-0.630279256276147,-0.116005171445477,-0.032562274221214,0.76696190101167,0
-0.62324651316013,-0.116387765475027,-0.0340332257148641,0.772566768265961,0
-0.615789380958002,-0.116765103731744,-0.0356277752003751,0.778395792951213,0
-0.614227475854221,-0.116853717434312,-0.0358917370293649,0.779603488858631,0
-0.610281343188851,-0.117765230219138,-0.0359185747775932,0.782558552884697,0
-0.608226279038599,-0.117950863307157,-0.0363717611621721,0.784108080765604,0
-0.602944391988752,-0.118571467141714,-0.0369459774250658,0.788057017037018,0
-0.593919134374229,-0.119117722260764,-0.0391471715061445,0.794693984518974,0
-0.583957268795145,-0.119773425234498,-0.0415879564876992,0.801822097914549,0
-0.589165060219595,-0.11900732322123,-0.0391348845351783,0.798241974371542,0
-0.596706773001679,-0.118345897326461,-0.036117872231559,0.792862393448814,0
-0.600549321974605,-0.118714583636931,-0.0354340817651535,0.789931506750562,0
-0.604755235070059,-0.11912636454902,-0.0345604766281633,0.786692817038472,0
-0.606281823368986,-0.119303067475776,-0.0340710844739993,0.785511483013466,0
-0.613042213558561,-0.118899764448353,-0.0303225510166341,0.780463089011383,0
-0.614742544033669,-0.11907522255103,-0.0297096176809185,0.779121322097328,0
-0.616439215644235,-0.119226781191807,-0.0290560295981808,0.777781084371786,0
-0.618032385954202,-0.119345209401287,-0.0283977299270519,0.776521899137242,0
-0.619546387854566,-0.119441398900724,-0.0277557802962013,0.775322927679265,0
-0.628293945766553,-0.119048158102087,-0.0227541235090018,0.768476742412504,0
-0.629735424636544,-0.119115933349927,-0.0221258592607839,0.767303809277642,0
-0.634141060069782,-0.1191925826143,-0.0204689786664327,0.763701031226002,0
-0.635709463597668,-0.119228866892503,-0.0197962535101763,0.762408068909856,0
-0.637243593307222,-0.119257125514733,-0.0191334045842728,0.761138787365272,0
-0.638762840536988,-0.119265802057322,-0.0184783977547565,0.759879102769091,0
-0.640198590746657,-0.119251118504003,-0.0178532945668819,0.758687152266761,0
-0.641560810496916,-0.119221499611961,-0.0172552248025533,0.757554102148374,0
-0.642920999917418,-0.11917806926088,-0.0166605127792669,0.756420255536807,0
-0.651294896709432,-0.118258573451318,-0.0115044972832302,0.749464818298878,0
-0.652406138577899,-0.118216622677467,-0.0109908778543997,0.748512031347926,0
-0.653477137762171,-0.118172180582213,-0.0104922978967705,0.747591384275829,0
-0.657393321815984,-0.117803086477045,-0.00890985995342436,0.744229176829179,0
-0.65805426169307,-0.117760960185557,-0.00855335688927883,0.743655689825399,0
-0.658484427890861,-0.117733980548553,-0.00827362193856385,0.74328225811562,0
-0.658720226867005,-0.11772173293966,-0.00805945065212382,0.743077587850119,0
-0.658670677959763,-0.117737997354145,-0.00793622444142666,0.743120258314007,0
-0.658381524698594,-0.117778455129605,-0.00788739551472617,0.743370561991011,0
-0.66105818011448,-0.116984646381091,-0.00668149272191476,0.741128890726728,0
-0.663802198443379,-0.116123097185759,-0.00546865658217585,0.738818084129585,0
-0.663422634973545,-0.116175817021984,-0.00546551760764957,0.739150671420458,0
-0.663069165471732,-0.116223237219514,-0.00545119430489222,0.739460428563617,0
-0.673025322833166,-0.111988712201721,0.000576981029140722,0.731091724927594,0
-0.672863049290375,-0.112007820074573,0.000639302011064269,0.731238098320061,0
-0.672739120749612,-0.112022522944209,0.000719892475057105,0.731349787393883,0
-0.670036273495824,-0.116425037180868,-0.00236801220062238,0.733137773843007,0
-0.713624502924578,-0.108476527815491,0.0122910853287177,0.691969537595541,0
-0.708068348852369,-0.113135850851277,0.00941212960112503,0.696958323303488,0
-0.702035608201275,-0.117134832288479,0.00706491061567988,0.702406949652556,0
-0.701309167058142,-0.117417902832983,0.00677765596984747,0.70308786909893,0
-0.694282240654424,-0.120508310285217,0.00494558757559282,0.709524811847765,0
-0.68727272883487,-0.122765210263379,0.00324016490452933,0.715943014967149,0
-0.680280149912385,-0.12429136363999,0.001696533095911,0.722334892093099,0
-0.672914635228727,-0.125190478929902,0.000242630388831988,0.729049503676386,0
-0.666751247483289,-0.124737042228753,0.000720821298469065,0.734767258859672,0
-0.692822478024211,-0.105981224592176,0.0238765708846083,0.712877902127094,0
-0.69136243241984,-0.106347840924371,0.0233889010697458,0.714255614661863,0
-0.678990880410145,-0.104991686847109,0.0263997178307931,0.726120640741819,0
-0.676183654546681,-0.105664841017631,0.0257505960730685,0.728661453281629,0
-0.663610286696957,-0.104298584959547,0.0303885812522807,0.740148449093081,0
-0.651435537927701,-0.102480156566895,0.0356503453938171,0.750905193954718,0
-0.639660211200525,-0.100171536166247,0.0415566878777294,0.760968803067265,0
-0.628060913568085,-0.0973291791021177,0.0483627233108733,0.770537193610591,0
-0.616541213787884,-0.0938807321837177,0.0559878336109908,0.779697827567296,0
-0.610257350890746,-0.094849426751485,0.0552444727529507,0.784562043537012,0
-0.598224345478925,-0.0920185338507542,0.0638645539220327,0.793461744923225,0
-0.598221275469543,-0.0920701911508095,0.0637834724201864,0.793464589079481,0
-0.598239181484571,-0.0921207807827822,0.0636991583220568,0.793451990175652,0
-0.598313227693917,-0.0921406896361187,0.0636667258084684,0.793396447499418,0
-0.598432627615361,-0.0921131028397258,0.0637082671273101,0.793306260652372,0
-0.598578659695102,-0.0920354601959168,0.0638145280885741,0.793196550817623,0
-0.616194659790215,-0.0956155002826033,0.0625089742750935,0.779265324191192,0
-0.616291083892931,-0.0953652375975734,0.0628028295159955,0.779196108804978,0
-0.616315026594112,-0.0952433848609769,0.0629653704846984,0.779178957463719,0
-0.6337289802429,-0.098855930566781,0.0576601108462118,0.765042741426434,0
-0.633675443016865,-0.0987624413061847,0.0578283882129716,0.765086459572585,0
-0.633594014693895,-0.0987160349362652,0.0579396052115999,0.765151469408808,0
-0.650937868753615,-0.101722545366677,0.0513309842187499,0.750531508229841,0
-0.667724022772157,-0.105610125140407,0.0440358024810256,0.735562355603281,0
-0.683711652133776,-0.109065014470557,0.0369999832255813,0.720606828025065,0
-0.683588504461248,-0.108649629078806,0.0377724455855968,0.720746319466118,0
-0.683458900040135,-0.108208594907727,0.0386007361896916,0.720891680566254,0
-0.684770763713882,-0.107519211806823,0.0392683693602714,0.71971287012456,0
-0.698311920840645,-0.111182322564844,0.0311460990074176,0.706419756856754,0
-0.711357758925424,-0.115401434961784,0.0223927447908727,0.692929442732873,0
-0.711028490746761,-0.114849306188814,0.0239179714655434,0.693308050476341,0
-0.710631890988816,-0.114359580365265,0.0254596533607237,0.693740591243652,0
-0.723380367475761,-0.119093050402384,0.0166747975806145,0.679896786594947,0
-0.737819981487325,-0.125213888119574,0.00673759570617954,0.663247888759642,0
-0.739332569300261,-0.125190596589098,0.00693342457091067,0.661563749098497,0
-0.725307068576898,-0.125398778536775,0.0174880692853729,0.676682325797373,0
-0.711034378831088,-0.125541436602258,0.0287489839219167,0.69126185757612,0
-0.71113925207916,-0.125818568812767,0.0292089201045206,0.691084286379403,0
-0.695234438549679,-0.126394994665593,0.0418713329362934,0.706342814967445,0
-0.695309994160742,-0.126572881987885,0.04253358019411,0.706197006593302,0
-0.696736586242724,-0.126053877567514,0.0407194889343818,0.70498969677716,0
-0.699102275466769,-0.125382982904292,0.0383182077341486,0.702898876789009,0
-0.680859460683161,-0.127297282392859,0.0481864653628072,0.719655376725184,0
-0.679236317571629,-0.127338032137925,0.0548670589682037,0.720702890450116,0
-0.678082318600886,-0.127197943400262,0.0626901436031777,0.721176121547714,0
-0.676341629962872,-0.127203505539201,0.0716099124649594,0.721978731123338,0
-0.648023205588387,-0.132880432856377,0.0997097047827618,0.743281030536221,0
-0.618773716174277,-0.138277238748397,0.135419797231563,0.761354038495729,0
-0.609116334823815,-0.139368110646283,0.155502702328126,0.765096549433036,0
-0.597147642506456,-0.140901709334115,0.179569186355349,0.768970941367347,0
-0.580691651207457,-0.142107138335895,0.206500219401463,0.774571124454745,0
-0.557937763403934,-0.143381801864285,0.237496737589829,0.782139636315763,0
-0.507450324949562,-0.14311049116077,0.311182233693,0.790682725536698,0
-0.420844221907263,-0.14947357447907,0.361020555469676,0.818664735986647,0
-0.0657165695415158,-0.172571606019421,0.400302992766792,0.897584473609878,0
0.0356390823902736,-0.166661388002705,0.462549054464623,0.870058739263778,0
0.143356035590069,-0.158735547176543,0.514250093155921,0.830541338412237,0
0.632228810317955,-0.138544170372176,0.387423509084631,0.656502299210276,0
0.640652198012767,-0.131023557971337,0.419665423664488,0.629506569162267,0
0.660954196073423,-0.123301869490108,0.432718588047791,0.600575410111925,0
0.759787032841456,-0.103470840266384,0.404556796710354,0.498348520792429,0
0.756477499618163,-0.100574736295093,0.419549099566337,0.491533384465084,0
0.799583087914572,-0.0837701700441606,0.421811336164045,0.419195229952911,0
0.795001672477221,-0.0813908817947493,0.434604425186795,0.41529129382537,0
0.781431956697898,-0.0795687833565234,0.455495668808221,0.418994751116775,0
0.767169445880948,-0.0760650829401681,0.479551081619813,0.41916095307327,0
0.787661170057151,-0.0598887660283145,0.493261759233936,0.364274695477533,0
0.787091934354908,-0.0552066530839743,0.504551251220545,0.350523247760399,0
0.78450794268064,-0.0519668650770708,0.514962043599681,0.341556476232982,0
0.782067056686176,-0.0489468838170793,0.524273238838859,0.333336005328303,0
0.778464956109782,-0.0461969403720423,0.53407772426537,0.326525863068732,0
0.77530816841949,-0.0436408444133523,0.542805484560298,0.319929565079824,0
0.77154979696534,-0.041310097743142,0.551708178083746,0.314042151410775,0
0.78842737835277,-0.0322101713070229,0.551707477912723,0.27011781271018,0
0.801571696621823,-0.024285804015589,0.552803394541108,0.226498171917469,0
0.801079140222824,-0.0235783288977909,0.554587717582815,0.223939136848683,0
0.81214650079917,-0.0163037218084628,0.555154456755968,0.178761794125149,0
0.821069837698723,-0.0111702750603035,0.540589530955371,0.18298225487167,0
0.831422157989746,-0.00511772686076029,0.522727755770764,0.188326040213011,0
0.843431663656723,0.00180822915804002,0.501946478150852,0.191492799134905,0
0.852805856438898,0.00712450386629726,0.484528528418212,0.194688258035913,0
0.854402925796021,0.00732748956350138,0.483137338340058,0.191102748775574,0
0.854352343897936,0.00491736205893412,0.483438344724273,0.190644325582321,0
0.854270770052918,0.00261236947869192,0.483769957195508,0.190213710005238,0
0.854151704381581,0.00030055348866076,0.484134539746306,0.189838149470208,0
0.853976579161617,-0.00183583521571229,0.484572586293882,0.189499447400095,0
0.854766164228655,-0.00167098211706518,0.48445493526541,0.186213393733061,0
0.85390618835985,-0.00511657551826117,0.484150899446172,0.190829632660078,0
0.852703395642028,-0.00874434994999285,0.48401997402741,0.196329111817408,0
0.866330199790666,-0.0157893764705395,0.458117141999232,0.198371784101954,0
0.869576670704851,-0.028335113396311,0.442772381406763,0.216762896682228,0
0.876756647278878,-0.0347715512521831,0.425721651969081,0.22101989892436,0
0.883838535253303,-0.0419545917276498,0.407663958527254,0.225564520153661,0
0.88765134055344,-0.0547639065306519,0.387469039932162,0.242783350436623,0
0.890495766406937,-0.0673631129103144,0.366934291275777,0.260458685622687,0
0.896013335126824,-0.0749985446193226,0.346481825139049,0.267368035539409,0
0.899888803284555,-0.0850072049431255,0.323300443007425,0.280090593169518,0
0.903048763940003,-0.0953430888785277,0.298762822368752,0.293518996522868,0
0.905346839791375,-0.105099209244492,0.273593705954853,0.307323510258883,0
0.90799891836562,-0.112855156790454,0.249178551141722,0.317351110733174,0
0.902056655632072,-0.120088170020651,0.246135286546137,0.333601621950228,0
0.897130697990517,-0.126154646933834,0.243111627940634,0.346609653847237,0
0.897432776600266,-0.13361897200835,0.216847015143334,0.360191273945381,0
0.892295906643356,-0.139821192641152,0.212953674352365,0.372704684241752,0
0.891827638058467,-0.146345017827111,0.184660724444538,0.386169673330075,0
0.890245560056351,-0.153036877458808,0.155335973369823,0.399891600705569,0
0.887509743684942,-0.159353947838873,0.1243244360559,0.414096859166834,0
0.88334632267424,-0.165136595949372,0.0921219777799215,0.428885439372879,0
0.877586254374095,-0.17040354078947,0.0598930776193865,0.444092128587455,0
0.869801598224857,-0.175750612861058,0.0271845948717843,0.46023678645465,0
0.860119940858115,-0.180493559375388,-0.00533912100629796,0.477061061237568,0
0.847906879174999,-0.185385872218839,-0.0380048960757358,0.495218770346649,0
0.832930497432598,-0.190686493728017,-0.0705449568853739,0.514673543728878,0
0.815289401860413,-0.195813578040288,-0.102631413407684,0.535188776835885,0
0.794733379814827,-0.200747120432564,-0.134294333829536,0.556834338513185,0
0.772132227503657,-0.205266032260873,-0.164565383611835,0.578442662471234,0
0.746040046853373,-0.209938750372123,-0.194386202284893,0.601301899169181,0
0.716920933485008,-0.214667858345874,-0.223129033867247,0.624624303057165,0
0.684716639970238,-0.220083065379501,-0.250621406157972,0.648008856464501,0
0.650594914458475,-0.225767889968735,-0.276298237699751,0.670383771420406,0
0.619162483286125,-0.230960947312871,-0.298341223845463,0.688685250503952,0
0.587986790835667,-0.235916239292866,-0.318310540859196,0.705190372465911,0
0.557777540081088,-0.240055245603789,-0.33632929354988,0.7198196309767,0
0.527500992412534,-0.243382840684079,-0.352854605743671,0.733485598406553,0
0.502161644631609,-0.244647668640249,-0.368655406768417,0.743017087253168,0
0.477317019584495,-0.245251384081428,-0.381187661202387,0.752805544857483,0
0.457950933385771,-0.243615177611787,-0.39341551729662,0.759049944732567,0
0.439044552389962,-0.24155283421957,-0.404591402012192,0.764982291765633,0
0.417109058013481,-0.240610514804552,-0.413747945943489,0.772618438244997,0
0.417061034239666,-0.240415272459476,-0.413606319949967,0.772780953818494,0
0.396268520289406,-0.241322940489268,-0.417532947953192,0.781281470146819,0
0.396100469187272,-0.241296004063455,-0.417269052661079,0.781515959161396,0
0.395870996644771,-0.24135834145305,-0.416951419870726,0.781782462385985,0
0.39563178935809,-0.241441999123021,-0.41662163162879,0.782053492011742,0
0.381988730862057,-0.242262342815071,-0.418461346853057,0.787580896123105,0
0.382455210812541,-0.241963596081558,-0.418780162536682,0.787276828923198,0
0.36871605270536,-0.241748515953101,-0.421753505519806,0.792294205515607,0
0.368641863112789,-0.241601750440473,-0.421533178662806,0.79249072564369,0
0.354337873157884,-0.240720067940514,-0.42386149510006,0.79802252694282,0
0.354396872800746,-0.24030595299456,-0.423779425714606,0.798164709721889,0
0.354503791605692,-0.239794353639211,-0.423757563269229,0.798282692579556,0
0.354617552200519,-0.239282333865888,-0.42375266293641,0.798388399856428,0
0.35471173600047,-0.23884989518852,-0.423743930363921,0.798480678158026,0
0.339881002117634,-0.238117104060293,-0.426053535500731,0.803902689410093,0
0.339897532178538,-0.237899011945038,-0.425967846879757,0.804005672342639,0
0.339848606775777,-0.237843009907177,-0.425808669703847,0.804127231174208,0
0.327370561422307,-0.238005212541497,-0.427374060454235,0.808414155472293,0
0.327157726989673,-0.238273300464559,-0.426974197898764,0.808632605257408,0
0.326805880714222,-0.238712003264894,-0.426388816519586,0.808954308335699,0
0.317321748500434,-0.239861554134017,-0.426626047654165,0.812258307584494,0
0.309188121536716,-0.241253320953835,-0.426419758536133,0.815086332948436,0
0.302829784952124,-0.242645783080273,-0.425787153790184,0.817387573288501,0
0.301560837023173,-0.240144303384772,-0.429052382071112,0.816887892286837,0
0.297375235222253,-0.23831497864335,-0.431989750246699,0.81740980916094,0
0.292348528031578,-0.235813266466946,-0.436230043068936,0.817696637537438,0
0.28816559129303,-0.233227840949442,-0.440513289670256,0.817626692216374,0
0.284332297458763,-0.230898703294117,-0.444692321648737,0.817367525967097,0
0.280929898989354,-0.228787327889171,-0.448852831884366,0.816863443765571,0
0.278893353542944,-0.225991841593743,-0.453412998157452,0.815820346635526,0
0.275559135148091,-0.224503308759906,-0.457577943828928,0.815038559034835,0
0.272089038711415,-0.223378941886447,-0.461747125708452,0.81416152895772,0
0.2698799725532,-0.221741750259741,-0.466312865274743,0.812740861705433,0
0.267650855521924,-0.220411641834005,-0.470797588942581,0.811252955574445,0
0.265457617896434,-0.219414109131918,-0.475101568211021,0.809733413969083,0
0.263197289274533,-0.218707879130236,-0.47940508165431,0.808124259138975,0
0.248130794205013,-0.227219791918274,-0.476198697908075,0.812426658375056,0
0.25198564473576,-0.232783772705189,-0.475138576841506,0.810282841240805,0
0.238948634312452,-0.241451576891579,-0.472835357719219,0.813038382038217,0
0.226152034175559,-0.249971539644394,-0.470438040985554,0.815510598582105,0
0.214991974178409,-0.2577339963478,-0.468770882256847,0.817071293164556,0
0.203371431117479,-0.26481451572634,-0.467066304234192,0.818756618730417,0
0.191045133559382,-0.271024464671975,-0.465210261504238,0.820747774339782,0
0.192224098529521,-0.274780860908263,-0.464067569480456,0.819869907594814,0
0.178222375149416,-0.273509914746774,-0.460063085132052,0.825694295263139,0
0.180071914288737,-0.269961888304902,-0.457291532389273,0.827997064579526,0
0.186151254902523,-0.265548941302557,-0.454780967644128,0.829461115146441,0
0.188201171721038,-0.261561189271504,-0.452096163893463,0.831730197733929,0
0.190319025945794,-0.257121529440791,-0.449409679859645,0.834085203746909,0
0.192373069185673,-0.252869527929976,-0.446781512836548,0.836322834725945,0
0.179131942790165,-0.249035071165428,-0.443191231767218,0.842303278211896,0
0.165431112678486,-0.244729574693114,-0.439586381633753,0.848235695612151,0
0.151333970131772,-0.240275450518141,-0.435931484461895,0.854007891191474,0
0.153255447039907,-0.235727592728152,-0.433237041274339,0.856300727575917,0
0.155203386072923,-0.231397239361108,-0.430502557581552,0.858507294368137,0
0.157081442900557,-0.227138028730793,-0.427832002727791,0.860635528921794,0
0.163250786580878,-0.222850855382867,-0.425327119066965,0.861848895527542,0
0.148875657896271,-0.219734966135845,-0.42173561048196,0.867001532867526,0
0.134015794308532,-0.215649734478772,-0.41820086160145,0.872148495527507,0
0.119030647249231,-0.210658595763998,-0.414838045707524,0.877134001666639,0
0.103582236206614,-0.205499057257518,-0.411439147675696,0.881906279356602,0
0.105290636115982,-0.19915054740934,-0.409221840532605,0.884189135108524,0
0.089183297807244,-0.19201067224649,-0.406122102237497,0.888956173953402,0
0.0907383350092612,-0.184713027460189,-0.404168084622768,0.891232748174461,0
0.0922176590496948,-0.176805764316528,-0.402375503708583,0.893492909361404,0
0.0954471004563529,-0.175043999629058,-0.403096534525928,0.89317391296457,-0.00173039333217163
0.0768317327761407,-0.173188820612627,-0.402372088160967,0.895649456545646,-0.00335721788030861
0.0609724977916328,-0.171850730317157,-0.401775680939517,0.897385170718969,-0.00508316651146742
0.0638036383004542,-0.170941887410507,-0.402153715270099,0.897181156404051,-0.00680652305542042
0.0666692468080117,-0.171883686477539,-0.402459721407811,0.896641165887654,-0.00848540705674361
0.069589536553204,-0.17363281301751,-0.402725087670868,0.895962773899786,-0.00849436237917818
0.0696798543147595,-0.176696536151284,-0.402524529343933,0.89544652830616,-0.00851881656705162
0.0561655587113735,-0.180843970424017,-0.401701288970134,0.895937283889355,-0.00856423683783517
0.0589922818429058,-0.18693646873063,-0.401566715516021,0.894564295314488,-0.00857682223551008
0.0451659462109972,-0.192586191073258,-0.40041019905028,0.894688670433946,-0.00862854590375467
0.0449944890635635,-0.198802575309851,-0.399810389977626,0.893604879088621,-0.00866049300155428
0.0478997812287941,-0.205220866282775,-0.399243473375518,0.892255060917748,-0.00869265403075951
0.0509793842396551,-0.212231242836456,-0.398487930459247,0.890780648487761,-0.00872969098357438
0.0508956439582359,-0.211384787532713,-0.400330427567801,0.890161230572252,-0.00863929252319074
0.0481686598253556,-0.210984218405982,-0.402024427633441,0.889645244390504,-0.00855210579979536
0.0455300187084005,-0.210903523744259,-0.403691676354711,0.889048975786866,-0.00846582322728026
0.0401958900795122,-0.211056645985323,-0.405145246037623,0.888609229503939,-0.00838745847511457
0.0401102096156946,-0.211400114954563,-0.406884082508498,0.887737340183464,-0.00830185081699171
0.0400297344706476,-0.211885759715053,-0.408692459247969,0.886794813977544,-0.0082144290467927
0.0399611002146777,-0.212449615326356,-0.41056121547966,0.885800043375681,-0.00812667932324246
0.0399038073797361,-0.213124352433486,-0.41250270160532,0.884738721848216,-0.00803814575044563
0.037048429738241,-0.213967975584631,-0.414341459703692,0.883800319537862,-0.0079541959701484
0.0370607497998208,-0.215141213289641,-0.416400951003186,0.882546979620756,-0.00786358280044783
0.0352299748968143,-0.209474115543331,-0.417860849165997,0.883295632294619,-0.00778334694259887
0.0334285001720715,-0.203360277711938,-0.41942534235589,0.884053259039608,-0.00770390785652898
0.0280553791500501,-0.196994020210119,-0.420839413736378,0.885009717986267,-0.00763142307122343
0.0264635962642792,-0.190804336770271,-0.422369964631913,0.885686109384214,-0.00755723250327905
0.0248861837332755,-0.184490604658236,-0.423975204919682,0.886302956007348,-0.00748267585713539
0.0291973710898253,-0.178410317712091,-0.425946845460379,0.886471518421752,-0.00740296729009455
0.0276444747939945,-0.172022914583396,-0.427525230496516,0.887024411855689,-0.00733279841310857
0.026100875486168,-0.165371638184311,-0.429103979532216,0.887574232531582,-0.00726099708587419
0.0245371558058323,-0.158408252659096,-0.430729027992759,0.888102258654604,-0.0071858257323544
0.0166326672841489,-0.151476307285257,-0.431757359841239,0.888995595071342,-0.00712017393828763
0.0153210906448363,-0.145064483107449,-0.433033879581948,0.889468129957037,-0.0070473290798623
0.0140147379875769,-0.138557566623778,-0.434304344898695,0.889908150759248,-0.00697187670632254
0.00963244954626754,-0.132114289595327,-0.435313327089086,0.89045365892117,-0.00690065018619397
0.00851693469872724,-0.125969204085499,-0.436483252470626,0.890783339952955,-0.00682883740658792
0.007446669701466,-0.120130970462848,-0.437647609227272,0.891028615230667,-0.00675825597213198
0.00642376159142202,-0.114589468919621,-0.438803601038215,0.891198426512822,-0.0066897830085267
0.00544875822748672,-0.109479083694306,-0.43994251910005,0.89128634891838,-0.00662309496228432
0.00451431342812697,-0.104825449922167,-0.441072158822042,0.891293214505774,-0.0065576299770343
0.000683505903055718,-0.100816992230734,-0.441917665851015,0.891348428772606,-0.00649784815349522
-0.0029296520700359,-0.0967827402444688,-0.442765961287171,0.891370494713918,-0.00643917762084759
-0.00360729745220763,-0.0929263633795613,-0.443840404354227,0.89124445030223,-0.00637994218570415
-0.00368403035806909,-0.0917328324988767,-0.444180737445015,0.891201269489026,-0.00594012676679846
-0.00374993292695692,-0.0907420791470942,-0.44447834245274,0.891156946540925,-0.00548751286335974
-0.00238881898809814,-0.0898277206209235,-0.444918716114492,0.891039842307622,-0.004539782300175
-0.00244898249475906,-0.088985766607891,-0.445251052169997,0.890964382242255,-0.00308317095433475
-0.00251811402434626,-0.088045440837826,-0.445638722342815,0.890868365541688,-0.00115925630343793
-0.00259428097858732,-0.0871142097178406,-0.446079134858778,0.890739685006578,0.000776639856256257
-0.00145632491549592,-0.0860986743268158,-0.446690714957417,0.890529330508748,0.00313274183068333
-0.00154862477474834,-0.084742902459358,-0.447284154441913,0.890350229996774,0.00544016304397637
-0.00165432504477783,-0.0832405498531339,-0.447943197557067,0.89014366025568,0.00770908151235214
-0.00175992962085763,-0.0818705428573922,-0.448616105540807,0.889908992039809,0.00998461797248492
-0.00187377951296123,-0.0804509944964767,-0.449336117419385,0.889646769214363,0.012239527923251
-0.0019934745654251,-0.0790536034246333,-0.450099746995815,0.889353170977295,0.014412108508857
-0.0021083284363323,-0.077927020500228,-0.45087623716551,0.88902169894312,0.0165520994113084
-0.00520105762531309,-0.076853098005301,-0.451434032983592,0.888777560391117,0.0186631277108049
-0.00533615075842324,-0.0758633621382576,-0.452298690218493,0.88837625057163,0.0207318119587068
-0.00548358219525044,-0.0746756958413771,-0.453201527745359,0.887964189750366,0.0228351428101902
-0.00564377051577332,-0.0732637315117123,-0.454136712623325,0.887543643854712,0.0250339769138843
-0.00582818261893484,-0.0712655430049732,-0.455111171189323,0.887137958446522,0.027337139747716
-0.00602973920499442,-0.0688891072787609,-0.456113771173306,0.886732946656744,0.0297126606510961
-0.0062533130277026,-0.0660205688373845,-0.457169086736506,0.886338009437651,0.0316786951305932
-0.00648788228920398,-0.0629619661694601,-0.458241056555038,0.885929726089193,0.0337246603886125
-0.00673269826950554,-0.0596907969385811,-0.459317594453245,0.885513188916116,0.035852743495352
-0.0071657751154133,-0.0542629771044889,-0.463403122262311,0.883886883762489,0.0317128360909589
-0.00759499868725811,-0.0487864159242082,-0.467444795411291,0.882219151619524,0.0273300818665792
-0.00802628945059356,-0.0434003377098662,-0.471525617895033,0.880498136318452,0.0209430889021941
-0.00842245223778046,-0.0389118853417909,-0.475545366116867,0.878671578578403,0.0144148964880925
-0.00879923040385747,-0.0351232183151936,-0.479642415122237,0.876685414991829,0.00740066455094886
-0.00916310676519896,-0.0321901702299806,-0.483871595955364,0.874496507723677,-0.00199173835531036
-0.013434543174214,-0.0297126122250552,-0.48781784727209,0.872258157558382,-0.0116673981737768
-0.017737560756688,-0.027654572847562,-0.491839040892752,0.86979874365341,-0.0215663379290006
-0.0213741362340989,-0.0257557226397762,-0.495883415088852,0.867174759219832,-0.0314223592906826
-0.0217749070199531,-0.0240237397811512,-0.500335508238084,0.864228951987236,-0.0414898914722877
-0.0221872161271274,-0.0219371597985818,-0.50480682432294,0.861126878621674,-0.051546653555592
-0.022596702089759,-0.0202150352301272,-0.509345520146364,0.857795073418758,-0.0619313695202132
-0.0229998942510282,-0.0187314469387541,-0.513913006989524,0.854265664167034,-0.0724136315362293
-0.0234092387975095,-0.0170405904733086,-0.518493016816886,0.850552485529536,-0.0829884732170427
-0.0238136377320304,-0.0152303822400231,-0.523012846444029,0.846723277439447,-0.0933713018625468
-0.024203519601968,-0.0135234137066055,-0.527487687482564,0.842799222505405,-0.103332071590475
-0.0279334913814913,-0.0117596563818491,-0.531470862901918,0.838955430279262,-0.113021849357774
-0.032004863310641,-0.0101989855089958,-0.534918180954813,0.835365555023019,-0.122059815599284
-0.0321700546873912,-0.0097221794920257,-0.537965619085367,0.832271355105526,-0.129568325451259
-0.0337300373072942,-0.0100919138691228,-0.54054320605529,0.829316365650323,-0.137141700112382
-0.0368983743357928,-0.0111315702581237,-0.542855203886609,0.82636427873842,-0.144723545262416
-0.037007210735486,-0.0125512699545841,-0.545382679691319,0.823429738715719,-0.151638155051374
-0.0366605559551387,-0.0122565801018392,-0.545327843014566,0.823669903710733,-0.15063602900867
-0.036672225822571,-0.0119434996325827,-0.545254512646993,0.823933345521836,-0.149478624709453
-0.0366980495126789,-0.0117068047788138,-0.545211650473422,0.824172285385173,-0.1483256689682
-0.0367340263120616,-0.0115345572704802,-0.545189544479929,0.824398793937415,-0.147148069792915
-0.0367794069137618,-0.011403412294363,-0.545189562968016,0.824610454974111,-0.145956073505868
-0.0368255105747231,-0.0112952124511503,-0.545190182529474,0.824827070773844,-0.144721346520523
-0.036433993579279,-0.011407334565217,-0.545315617522513,0.824940625336545,-0.143688130286995
-0.0365847222864538,-0.0119425444595546,-0.545646872741709,0.824881319638684,-0.142685782422046
-0.0368460872000894,-0.0129486822987585,-0.546335497976518,0.824540392858736,-0.141863884339463
-0.0372495898156774,-0.0141781159029897,-0.547467604532055,0.823859454671505,-0.141231264330208
-0.0349665991402497,-0.0161760608488108,-0.550088972330931,0.822245001869784,-0.140822410929655
-0.0317255566376538,-0.0188487904703842,-0.554560016231648,0.819353661574505,-0.140573745114227
-0.0277563724157546,-0.0222516755890146,-0.560916298257549,0.815112957481676,-0.140350345985759
-0.0261673725235194,-0.0225634879877279,-0.56231256174486,0.814529624053112,-0.138391589588647
-0.0248601508522345,-0.0233928744963799,-0.565681746854784,0.812638383478295,-0.13585935851278
-0.0218585224371479,-0.0247747081177474,-0.570640642272777,0.809706323160235,-0.132865896509941
-0.0194776782988274,-0.0268823485271717,-0.577500196501252,0.805298083056615,-0.12994798902679
-0.0164085310953564,-0.0296600732339414,-0.586590236066237,0.799096169697326,-0.127311612549161
-0.0117942296408846,-0.0342533888252879,-0.601083609442494,0.788707317062806,-0.123801712315844
-0.00583966073974463,-0.0407733063582461,-0.619319371417322,0.774764228112951,-0.120363378462292
0.001222681735565,-0.0471753674850754,-0.640961491420823,0.757109381585061,-0.117161173532457
0.0101812555286122,-0.0542596207850261,-0.667150636844032,0.734237064487948,-0.112952186693528
0.0237993099367467,-0.0627751067101835,-0.698229368242993,0.704592767087087,-0.107320364868992
0.0280387774068953,-0.073245798789208,-0.733297868145805,0.667796082647657,-0.10085389677409
0.0327655035080461,-0.084702634994953,-0.769415836613859,0.625497995302555,-0.0922139558041827
0.0386737784332847,-0.0997636386797364,-0.810328228342011,0.570366265899171,-0.0812529404723722
0.0464219681113083,-0.119847319599319,-0.856069113970543,0.496325449091092,-0.0654854300722408
0.0556561617410627,-0.143686893357721,-0.899454642488921,0.406292537071596,-0.0465208422377882
0.0630905630165974,-0.162092009806398,-0.926860014632681,0.331271007938266,-0.0305907468010004
0.0709149845213826,-0.178709045065815,-0.947677448215307,0.254438711509419,-0.0142315990509637
0.0791103166399618,-0.192841701258985,-0.961305486763653,0.180067418399536,0.00459586832794151
0.0674162701454497,-0.207745602407142,-0.969989967618081,0.104224762748697,0.0235260015817043
0.0742438684551982,-0.219820999265156,-0.970694049562184,0.042122255532328,0.0463179664095164
0.0576869710145095,-0.235683033363935,-0.967450208359641,-0.0153687486244606,0.0702112317948547
0.0346991696041641,-0.257636408986317,-0.962680327794214,-0.026328734214426,0.0705183141184486
0.00762086388699364,-0.284174878106418,-0.956040505613559,-0.0367498848374643,0.0618268443107277
0.00505222959884292,-0.316382073889363,-0.946591110344225,-0.0468565952275538,0.0405781665248104
0.0069769266108987,-0.354102300043626,-0.93297056455191,-0.0613091809137378,-0.0192352180714553
-0.00392324788203206,-0.378630556579288,-0.907784505205395,-0.0866826467404639,-0.158230593165733
-0.0264633442020184,-0.36991485233056,-0.803498224269485,-0.128452838487207,-0.447608272174755
-0.0358507279086296,-0.320402966869081,-0.643309831186486,-0.155201144200214,-0.676846902975607
-0.0465276135451854,-0.274823631336133,-0.516505228171147,-0.166063478742564,-0.792434491385124
-0.0503883331612047,-0.255337540943082,-0.462765882065218,-0.17048127862427,-0.83008892782726
-0.0450904992946526,-0.241152398731245,-0.422908005674095,-0.173472977656246,-0.854908364808393
-0.039236157291172,-0.231542301292445,-0.393370838456465,-0.175882772439581,-0.871305526485541
-0.0415277979150402,-0.223679646946846,-0.367100892858901,-0.177030560976027,-0.884386777651482
-0.0433387879967573,-0.21596036854258,-0.343977056290512,-0.176997253328331,-0.89545219064664
-0.0488956331730992,-0.203410625809871,-0.316371512789144,-0.17574528952164,-0.90843601506694
-0.0522293292824442,-0.184061277011522,-0.281487521835079,-0.173099724587948,-0.924226597683878
-0.0505751665094068,-0.159330745156854,-0.24121589587959,-0.169212675814002,-0.940870781828822
-0.048548768175517,-0.136281657188989,-0.20643184226977,-0.165035293834581,-0.953530058943348
-0.0455059191336233,-0.114804358895142,-0.175768949931737,-0.160686314072876,-0.963345397670039
-0.0439253956080891,-0.0982708540430396,-0.152229478919301,-0.156478479439429,-0.969924775478288
-0.042306373323628,-0.0847523724841949,-0.134741398937203,-0.152627955844426,-0.974462245878053
-0.0405837064844544,-0.0729121616107201,-0.120410479134784,-0.148881883184028,-0.97794288219269
-0.0388124428222233,-0.0635262272425025,-0.109488312442007,-0.145355857888296,-0.980480492794561
-0.0404335289268175,-0.060108980586825,-0.105217121374858,-0.145659762332342,-0.981052817741334
-0.0393195341590329,-0.0609318386016857,-0.106736241557079,-0.147328358434722,-0.980633986162693
-0.0382440419676952,-0.0625593747044687,-0.108844089728701,-0.149256843321694,-0.980050548055218
-0.0371908272574308,-0.0640240046075192,-0.110721275915829,-0.151379739619105,-0.979460434471116
-0.0318263237010445,-0.0657230037128721,-0.112861232895838,-0.153997240089729,-0.978884448776571
-0.0475767790059306,-0.0659942058134976,-0.113219187152064,-0.156054783935109,-0.977859670387351
-0.0492587978313528,-0.0643123252113268,-0.111169717459196,-0.158307751472695,-0.977761446062292
-0.0431086165505764,-0.0639711855483388,-0.109909977638757,-0.161600654905812,-0.977678045037371
-0.0543994690796926,-0.0643441409172525,-0.108785969572104,-0.165152041720383,-0.976622212133901
-0.0559267077684929,-0.0642097063074266,-0.107585525950457,-0.168372227455991,-0.976127791122434
-0.0728743924622824,-0.0636204934553015,-0.105911330197057,-0.17217301002122,-0.974567083628356
-0.089360112206675,-0.0626700834589042,-0.104491062555212,-0.176305342664082,-0.972669149803698
-0.105452275699156,-0.06062557207103,-0.103083316551498,-0.180873575523862,-0.970496232391907
-0.124686049590374,-0.0564366572249151,-0.1008401562726,-0.185271636044736,-0.967870847024048
-0.136125864783369,-0.0520149796098175,-0.0996345166861282,-0.191746055611231,-0.96543803740863
-0.151279620377329,-0.0458621993283742,-0.0978147203023355,-0.198382302095644,-0.962334597652326
-0.147149507537693,-0.0403596318533237,-0.0969990630658412,-0.205636884708758,-0.96178104366831
-0.161005157716127,-0.0331330170955444,-0.0954640976631354,-0.213715370749249,-0.958223297947731
-0.156455389799884,-0.0270655484644288,-0.0964160322567666,-0.223063501223671,-0.956940849914239
-0.151578879668265,-0.0214604638483589,-0.099765901059419,-0.23379287748197,-0.954961228089617
-0.146489316040262,-0.0154996260179235,-0.105653237307372,-0.246183423279977,-0.952119612983571
-0.141128763177307,-0.0103095300606265,-0.11417227303488,-0.260390550372425,-0.948228790504047
-0.135696762376123,-0.00660712391563978,-0.124349499614021,-0.276075594253671,-0.943325078007272
-0.149608585802087,-0.00311145777546651,-0.134297000087228,-0.293956306515906,-0.934431161462367
-0.144129683541494,-0.00019757488681027,-0.143028967917001,-0.311982549974142,-0.928135872668772
-0.138725995081079,0.00255729929315152,-0.150782479412234,-0.33146459303519,-0.920947569612627
-0.133452834909641,0.00568852096089956,-0.157728550303286,-0.352403985502558,-0.912738252186789
-0.128466969613975,0.00991578856983011,-0.163594201136614,-0.374270578411651,-0.903635095790951
-0.123350118015362,0.015649412328416,-0.168336654928014,-0.398556907613561,-0.892947370386706
-0.136190189983182,0.0228747621985511,-0.171411134245752,-0.427253528859946,-0.876927375864166
-0.130683129511425,0.0299864795990775,-0.173864943079932,-0.454977674300952,-0.863011603721447
-0.125155917532059,0.0372005926243312,-0.17528209289972,-0.48392663856974,-0.847374361546532
-0.11934478617076,0.0438372669390245,-0.175908165205963,-0.514949037404614,-0.829288202213866
-0.113423757865625,0.0490447666194115,-0.175660367306725,-0.546898187187955,-0.809181975965285
-0.107421731344444,0.0526215810603927,-0.174463975410962,-0.579390806838671,-0.787121436041672
-0.101375660499216,0.0546956882408965,-0.172300699214411,-0.611896122903275,-0.763300046490479
-0.0954000776470702,0.0560362050241869,-0.169023607550895,-0.643649379671901,-0.73817698761874
-0.104381762334635,0.0571501922891584,-0.163983370574313,-0.676468524273746,-0.708052323670515
-0.106172367052629,0.0596853661036302,-0.158397189751797,-0.705538054842168,-0.679920193107824
-0.11072535199741,0.0637423794878587,-0.153027051614511,-0.729238345700654,-0.654576933687874
-0.0987233817384035,0.0691821297357783,-0.153157376835945,-0.753100117603151,-0.628371353269869
-0.0963704497208068,0.0750611058070354,-0.156306616578101,-0.781511634742292,-0.591511938334275
-0.0990192189822547,0.0820239011804679,-0.16511509565007,-0.803296075285084,-0.557601734688236
-0.102079239944505,0.0879583203286392,-0.179160381421278,-0.817480976044509,-0.53053706203395
-0.104496239164532,0.0927380685623183,-0.196943794406918,-0.834078724464088,-0.495989929213049
-0.106561729141078,0.0968041368010347,-0.214401609535097,-0.851056942794535,-0.457173475751438
-0.107598839843294,0.0993792034172403,-0.231939521623591,-0.87044098556493,-0.408757645249975
-0.105058041432999,0.0969293729205881,-0.241319372163204,-0.896062504067682,-0.344099482734567
-0.101477266632903,0.0900395857729354,-0.233996260698907,-0.917263899764283,-0.292348978993774
-0.0963430232987893,0.0832993100273655,-0.225227717516164,-0.934027618192025,-0.246260290196381
-0.0912323862591392,0.0761189824845253,-0.215467078977472,-0.947465078735146,-0.204368330857064
-0.0869829576277704,0.0686111357337394,-0.204005141209638,-0.958187550957463,-0.167287168323897
-0.0830096762967773,0.0617261973976592,-0.193215129134288,-0.966222225831952,-0.135579476241421
-0.0714211520702027,0.0433319230877387,-0.161621237389317,-0.981301613713495,-0.0628258070104975
-0.0587251216859929,0.0227994691794824,-0.123838846432879,-0.990286269184577,0.00534691189051484
-0.0454222106278962,0.00198903652087946,-0.08415137628949,-0.993040420729629,0.0687177937735133
-0.0199208719202393,-0.0159903675240895,-0.0499872156741433,-0.991280469466917,0.119213154186011
-0.00951212432902776,-0.0337364188858986,-0.0153161093965107,-0.984826590884798,0.169273081766372
0.00973185007455125,-0.0483854740566793,0.0123919152391347,-0.976933775115678,0.207390878462319
0.0260144326651216,-0.0615197450195202,0.0371906974212217,-0.967654236990841,0.24041776125079
0.0397821628927082,-0.0731875529843024,0.0592092903915018,-0.957749580631286,0.268832591654506
0.0515049265390585,-0.0836527724139828,0.0788279401758779,-0.947684723844229,0.293307477316172
0.061675033739269,-0.0931897590931695,0.0965428989390587,-0.937601283329141,0.314793839166854
0.0797889219700915,-0.101137012466734,0.109274981995731,-0.926941764389066,0.335026829345461
0.0871009243467059,-0.108011839220601,0.119704049773069,-0.915905462077367,0.357120423066092
0.0856046156293673,-0.115292123423972,0.131578681058949,-0.904850247805026,0.37856658040206
0.0811160372235161,-0.117438321584357,0.137463368445316,-0.892913842583029,0.40427357221055
0.0770058425675795,-0.119744657457968,0.143754845257312,-0.880659899681319,0.428373671902309
0.0740741693801405,-0.121795272495948,0.150690321790995,-0.870499758579807,0.446319981918024
0.0723117157559554,-0.123636193114009,0.157243068035229,-0.862972478638994,0.458299275783026
0.0784629452746873,-0.125334773375439,0.162777025150521,-0.855739953875234,0.46834552653624
0.0826193573702784,-0.126304055151831,0.166635077669928,-0.851434740740859,0.473827986287649
0.0812825641134937,-0.126728922106785,0.168978040318693,-0.848356246194443,0.478613650563496
0.0799262568858147,-0.127058068269322,0.17077700251155,-0.84556842454146,0.483029290602065
0.0777202364567122,-0.128286372484239,0.173546000880908,-0.840811571700202,0.490326277037269
0.0807912974217669,-0.124345439699307,0.168138068589266,-0.848783648531365,0.478859985552926
