x1,x2,x3,x4,x5
0.6464782951364888,-0.037829671285453434,0.08075792303638396,0.0,0.09500361143863009
-0.6445313964467202,-0.011369296807474411,0.09298246844794245,0.0,0.1949591451351105
-0.6269923000814851,0.01883067266325283,0.10369975430099955,0.0,0.1938744436622706
-0.0,0.06284070309581732,0.09832165012348013,0.0,0.19318030162095967
-0.6171606709659039,0.09817440045832232,0.08777251235000136,0.0,0.1922314316004448
-0.6161160416591649,0.1154869148950281,0.07623013513989405,0.0,0.19388666874135838
0.6138871550230827,0.12947742714521848,0.07358534980364247,0.0,0.19505970794466435
-0.0,0.13733801724453806,0.07253585723668063,0.0,0.2914611447671709
0.6129341033475646,0.12583180250105386,0.0724572484589709,0.0,0.3886229406005652
-0.0,0.14867358393271887,0.07310307027520453,0.0,0.4830338529605945
-0.0,0.19025710901139217,0.07409718055059383,0.0,0.3832810305764743
0.6040390484665439,0.22407997409392108,0.06914199043224262,0.0,0.37754164452809585
-0.6056064304170542,0.24520983441465657,0.05940034220969927,0.0,0.379035898267238
-0.0,0.2642157102930936,0.04375756820006491,0.0,0.2801853670483424
-0.5177870624211923,0.27411286849350147,0.035458983239729215,0.0,0.17677270361111727
0.5171299327002779,0.2857965032482991,0.027996655533569816,0.0,0.17637697202351385
-0.0,0.28411772036277305,0.0259798957575086,-0.5561584337907569,0.08722714079447424
0.5031576934692994,0.240088553925141,0.025677377375031184,-0.5516643817794884,-0.0
-0.50249873516112,0.23619897297090242,0.02563145209849928,-0.5528452548681732,-0.0
-0.0,0.2387519192628229,0.024598760592640274,-0.5530399508067305,-0.0
-0.0,0.23569925605701655,0.024312896995169166,-0.5479904035450952,-0.0
0.49659649896322233,0.23086698669638575,0.014446499641952992,-0.5495479137514792,-0.0
-0.44903003815207715,0.17962854716544785,0.0033203541645484675,-0.518503490612302,-0.0
-0.0,0.1771873925009618,-0.002425961759763364,-0.5190830078592885,-0.0
-0.0,0.18262034628760337,-0.006269871617948093,-0.5162172106827021,-0.0
-0.4222501992274437,0.1655385310876481,-0.01004576356228846,-0.5036919187473581,-0.0
-0.0,0.15552007211977528,-0.009511680398953216,-0.5032837563656132,-0.0
-0.4135196363176571,0.14254851095075638,-0.008938049832365557,-0.49954738471142873,-0.0
-0.4036918128761483,0.13096981187146103,-0.00887424324309669,-0.49534547912915144,-0.0
-0.38411030502136323,0.11888796486614757,-0.009033589996253094,-0.48412997797312374,-0.0
-0.0,0.1200992934923715,-0.009840233548272783,-0.48193576944627914,-0.0
-0.0,0.12961343964709457,-0.010925307487942125,-0.4833629254407993,-0.0
-0.0,0.13959098024175237,-0.01301905292544125,-0.48200273758532064,-0.0
-0.0,0.1464078491488586,-0.014873793918174661,-0.47947670243453505,-0.0
-0.37175479803419914,0.14313565483346147,-0.016151832101612074,-0.47572606940019674,-0.0
-0.0,0.13802177307030683,-0.01731041241653822,-0.4702347955620733,-0.0
-0.0,0.13722339208677445,-0.018683245751687755,0.0,-0.0
-0.0,0.13624825614867914,-0.01823896649559367,0.0,-0.0
0.36568665751639023,0.13439379619940164,-0.018765838495330235,0.0,-0.0
-0.0,0.1339725958447992,-0.019688511347140752,0.0,-0.0
-0.0,0.13434710069224545,-0.020141728269766342,0.0,-0.0
0.36389445501972123,0.12536874395781472,-0.020198211609473,0.0,-0.0
-0.0,0.12381520247031035,-0.021282250802280325,0.0,-0.0
-0.0,0.1240707937610785,-0.02152423852452688,0.0,-0.0
-0.0,0.12309612632242174,-0.021808840856364486,0.0,-0.0
-0.0,0.11867094558087529,-0.021274115139386957,0.0,-0.0
-0.34926084009946456,0.11876662457215108,-0.02255656783504955,0.0,-0.0
-0.0,0.12133402993461877,-0.02406680170690601,0.0,-0.0
-0.0,0.12224884930640034,-0.025015761410601807,0.0,-0.0
-0.0,0.11950700166754617,-0.02530010568993622,0.0,-0.0
0.3503840987552521,0.1167783972481245,-0.02672713313668378,0.0,-0.0
-0.0,0.1145936495739135,-0.02583276433306956,0.0,-0.0
-0.33555074776707144,0.10928816358964694,-0.023904181215385692,0.0,-0.0
-0.35352485683844753,0.11282332339568046,-0.023379709323196045,0.0,-0.0
-0.0,0.11566112491231474,-0.022671524375215357,0.0,-0.0
-0.35573688960633376,0.11480145372175236,-0.02192754998711892,0.0,-0.0
-0.36138511591588923,0.11547110325784339,-0.024003969888077466,0.0,-0.0
-0.3549562370150056,0.11398663254325073,-0.0267683321552628,0.0,-0.0
-0.353468944833181,0.11148747549193616,-0.02978203653341608,0.0,-0.0
-0.35747622075673446,0.10995906974241196,-0.03351539401789397,0.0,-0.0
-0.0,0.11146482179179373,-0.03687406216573652,0.0,-0.0
-0.35698713534817234,0.11063987006126971,-0.04007950994460494,0.0,-0.0
-0.0,0.10954224780760412,-0.04309793436552538,0.0,-0.0
-0.3488261029840415,0.10997392386171034,-0.04613755359266746,0.0,-0.0
-0.0,0.11008294624938754,-0.045721176490212456,0.0,-0.0
-0.0,0.10544364370590766,-0.044491767710919276,0.0,-0.0
-0.34706625752409237,0.10633517922650813,-0.04230341762374397,0.0,-0.0
-0.0,0.10590524322700962,-0.03868978442069052,0.0,-0.0
-0.34569961483557726,0.10639335484573262,-0.03521784497189499,0.0,-0.0
-0.34499801860667745,0.1081297385437893,-0.03446592440817541,0.0,-0.0
-0.3439952884833687,0.10980570438639087,-0.03386686358480138,0.0,-0.0
-0.0,0.11236056749230207,-0.03391371417381989,0.0,-0.0
-0.34024937625816204,0.11042910040950758,-0.03331074626780692,0.0,-0.0
-0.33819137876439553,0.11084289702874564,-0.03182820943759566,0.0,-0.0
0.33817175104044167,0.10649196071571063,-0.037487795897785677,0.0,-0.0
-0.33523384461464323,0.10611321838932279,-0.04305520167047707,0.0,-0.0
-0.3335064763600235,0.10490206276461475,-0.048502158579999136,0.0,-0.0
-0.0,0.10527998023884151,-0.054144512972198015,0.0,-0.0
-0.3271944038206173,0.10315330682006106,-0.0566890656840047,0.0,-0.0
-0.32458244044418294,0.10218305431081681,-0.05733663661264668,0.0,-0.0
-0.0,0.10259516319766533,-0.05766584881988845,0.0,-0.0
-0.3236706161162352,0.1027205101348448,-0.05887724383536315,0.0,-0.0
-0.3151222357888926,0.10087452209748016,-0.05925253340500561,0.0,-0.0
-0.3134883691655098,0.10113797350385309,-0.060542262507789976,0.0,-0.0
-0.3152711443546672,0.09923124025386006,-0.0585829711847153,0.0,-0.0
-0.0,0.09768765008645364,-0.05671622204407047,0.0,-0.0
-0.31140719542259887,0.0955836695069653,-0.05468612877185241,0.0,-0.0
-0.3027400258138142,0.09201857484166998,-0.051779438143798,0.0,-0.0
-0.3033835676840141,0.09211331908408388,-0.047778876933706846,0.0,-0.0
0.2952732698252701,0.09040819011601318,-0.0457379341790518,0.0,-0.0
-0.2919201976234457,0.08995147171094088,-0.04375108970948355,0.0,-0.0
-0.0,0.08962229156594,-0.04195862770474823,0.0,-0.0
-0.2728625666749077,0.08615043236858758,-0.03914402234013864,0.0,-0.0
-0.27495539175083733,0.08590545579392639,-0.039083734719154224,0.0,-0.0
-0.24467419292024378,0.06920169638053475,-0.03516229529651585,0.0,-0.0
-0.0,0.06604468867247014,-0.03386945744504552,0.0,-0.0
-0.0,0.061985154295394085,-0.032751131641129895,0.0,-0.0
-0.0,0.05849024566317217,-0.03219379590871655,0.0,-0.0
-0.23022162239463434,0.054124834055213636,-0.031361438191065565,0.0,-0.0
-0.0,0.05279798670648858,-0.030886430589874496,0.0,-0.0
-0.0,0.050587791133523526,-0.03133759045854824,0.0,-0.0
-0.2296802001141458,0.04812112714278839,-0.03185936706351351,0.0,-0.0
-0.23016297032846525,0.046209403353198175,-0.03230464706876915,0.0,-0.0
-0.22899293829168768,0.04502732380319089,-0.032526328808508795,0.0,-0.0
-0.0,0.043671881902659276,-0.03252896785024785,0.0,-0.0
-0.22313181336406918,0.041574895555507765,-0.03248314334674303,0.0,-0.0
-0.21734919203721134,0.040859027778004396,-0.03194219704225391,0.0,-0.0
-0.21501229864629312,0.041181059914186566,-0.03154095071265213,0.0,-0.0
-0.0,0.04255930400899615,-0.03128593809776686,0.0,-0.0
-0.0,0.04399842714397781,-0.03099582838435546,0.0,-0.0
-0.0,0.045513715545110904,-0.030669450189805554,0.0,-0.0
-0.0,0.045907847588725424,-0.03043574123772634,0.0,-0.0
-0.0,0.04618097255226205,-0.030115097762227108,0.0,-0.0
0.21462349099284467,0.04489335872099505,-0.030008138233638917,0.0,-0.0
-0.0,0.043106617897882615,-0.029962423127935914,0.0,-0.0
-0.0,0.0401697456090711,-0.029750876213419247,0.0,-0.0
-0.0,0.03752963123513538,-0.029711685246773915,0.0,-0.0
-0.21005807271798826,0.034528167784055576,-0.029278677697252453,0.0,-0.0
-0.20466177457394868,0.02981868652827952,-0.02880388995276634,0.0,-0.0
-0.0,0.02731855443537799,-0.027323343257875582,0.0,-0.0
-0.20330654741621815,0.026323036791986894,-0.025314179752365554,0.0,-0.0
-0.0,0.024499903345452354,-0.022887194049921896,0.0,-0.0
-0.0,0.02306536463856216,-0.020941521568132608,0.0,-0.0
-0.0,0.024323313648738056,-0.02027433557962233,0.0,-0.0
-0.22643395724051588,0.0239006957438997,-0.019744163232017543,0.0,-0.0
-0.0,0.02329759410964565,-0.021231866972893434,-0.35856329636010975,-0.0
-0.2279407399098589,0.023813706233088663,-0.022806226332188935,-0.35715096489368936,-0.0
-0.0,0.023257359713040632,-0.024361485778129185,-0.3573812799221733,-0.0
-0.0,0.023657688051919704,-0.025867665405668965,-0.35828618870741646,-0.0
-0.0,0.022473845993941637,-0.02713449498836382,-0.3576703176100098,-0.0
-0.0,0.020979404242729722,-0.026986396616015842,-0.358159994448341,-0.0
-0.0,0.020905435369709686,-0.026638896242007187,-0.35725629852527435,-0.0
-0.0,0.02138646236884279,-0.026435444303252634,-0.3571684402029149,-0.0
-0.0,0.022725217911375942,-0.02633223307646961,-0.3569862271231543,-0.0
-0.0,0.02235941090660972,-0.026073323404074457,-0.3557530358013593,-0.0
-0.0,0.021789452326613633,-0.026061701304385298,-0.35650244816329707,-0.0
-0.0,0.018954228844337773,-0.027166071997523994,-0.35652426343799043,-0.0
-0.0,0.015576745202776406,-0.022339049421985658,-0.35620964328571386,-0.0
-0.0,0.011378889934202793,-0.017367230659402218,-0.35542221948877417,-0.0
-0.0,0.008354470437664952,-0.012611201542306306,-0.356193717965889,-0.0
-0.0,0.006051024893247963,-0.007762128748737958,-0.36133607053575634,-0.0
-0.0,0.0037255358590939872,-0.0012040435314531728,-0.3617961479727058,-0.0
-0.0,0.0021024328497355103,-0.00048144809930635084,-0.36357143754984717,-0.0
-0.0,-0.0002734948937597234,0.00023022284173966645,-0.3633894139247613,-0.0
-0.0,-0.0007873734250040115,0.0011874081868658761,-0.3611871153188246,-0.0
-0.0,-0.0009053540679010806,0.002094829866977136,-0.3613492038899767,-0.0
-0.0,-0.0010774428909148981,0.0033138700300352547,0.0,-0.0
-0.0,-0.0003120222776933164,0.004272920447877908,0.0,-0.0
-0.0,0.00041087337267709835,0.006068153663915033,0.0,-0.0
-0.0,0.0017278527460210305,0.0077557318869510205,0.0,-0.0
-0.0,0.003396251067711505,0.009368358665285308,0.0,-0.0
-0.0,0.005244454906061687,0.008577605009930371,0.0,-0.0
-0.0,0.005479230757674462,0.007520673015086681,0.0,-0.0
-0.0,0.0057599213967313816,0.006009199808380584,0.0,-0.0
-0.25697195916706234,0.00636274745348601,0.004451103751267866,0.0,-0.0
-0.0,0.007726439768275699,0.002977613644841362,0.0,-0.0
-0.0,0.008867278541653367,0.0030250032827372894,0.0,-0.0
-0.0,0.010194466110568087,0.0030544477889772144,0.0,-0.0
-0.0,0.00953087403506383,0.0030832954124209435,0.0,-0.0
-0.0,0.008740722258715432,-0.006262356401171444,0.0,-0.0
-0.2538013821739878,0.009904583346605203,-0.01538169393476995,0.0,-0.0
-0.0,0.013070482697507935,-0.025343336652617208,0.0,-0.0
-0.0,0.018334177039723194,-0.03499302047701493,0.0,-0.0
-0.0,0.027656851354826192,-0.045291459667861175,0.0,-0.0
-0.0,0.03689631085869837,-0.04569590091662623,0.0,-0.0
-0.26338145366455284,0.04324107785925082,-0.04573398810113571,0.0,-0.0
-0.0,0.046225853973054766,-0.04638841070154868,0.0,-0.0
-0.0,0.048078541859199,-0.05160371121187004,0.0,-0.0
-0.0,0.04789455957593764,-0.052813316722083704,0.0,-0.0
-0.0,0.04680774320126964,-0.053791618875204006,0.0,-0.0
-0.0,0.04534261594048023,-0.055559138411726154,0.0,-0.0
-0.0,0.048146499068609544,-0.05573948615361644,0.0,-0.0
-0.0,0.0498973358424107,-0.057791286946882243,0.0,-0.0
-0.0,0.04962598452297518,-0.05832463573015195,0.0,-0.0
-0.0,0.05490463916298637,-0.059155874936227655,0.0,-0.0
-0.0,0.05988728290990141,-0.06032127877962327,0.0,-0.0
-0.0,0.05632273715274417,-0.06095173390335978,0.0,-0.0
-0.0,0.05281194664956118,-0.061932317928020446,0.0,-0.0
-0.0,0.053346423820048845,-0.0652440543517896,0.0,-0.0
-0.0,0.0495229862532516,-0.06654820065203788,0.0,-0.0
-0.0,0.04466405300073969,-0.06725712680275685,0.0,-0.0
-0.0,0.04571978184422289,-0.06736856728792451,0.0,-0.0
-0.0,0.04844189430448083,-0.06759864537597221,0.0,-0.0
-0.0,0.04912741417342241,-0.06849164848497387,0.0,-0.0
-0.0,0.0511370010782589,-0.06946421703586987,0.0,-0.0
-0.0,0.049233461753905604,-0.06921462175978098,0.0,-0.0
-0.0,0.0459130869176397,-0.07024559281419572,0.0,-0.0
-0.0,0.04338045791683672,-0.07151315577785897,0.0,-0.0
-0.0,0.03941234575731758,-0.07005005005406328,0.0,-0.0
-0.0,0.0302903215735228,-0.06793467177124553,0.0,-0.0
-0.0,0.02543331222933312,-0.06586649413069488,0.0,-0.0
-0.0,0.02147792054457007,-0.06554273759395816,0.0,-0.0
-0.0,0.013260967364472244,-0.06298061456510162,0.0,-0.0
-0.0,0.007161227793136127,-0.06017768295659664,0.0,-0.0
-0.0,0.003731525083694398,-0.06102861734901101,0.0,-0.0
-0.0,0.0018441127797393345,-0.061349471604364984,0.0,-0.0
-0.2823733973777281,-0.0017349627357465254,-0.06252832777984925,0.0,-0.0
-0.0,-0.0020686872731933443,-0.06264711014886343,0.0,-0.0
-0.28177707364924787,-0.0005510740226092478,-0.06653630626342825,0.0,-0.0
-0.2817185179890009,0.002038248485450267,-0.06894270641443828,0.0,-0.0
-0.281542246612221,0.000390221180884321,-0.07208752883576428,0.0,-0.0
-0.0,0.0034259625870861976,-0.0727680133569338,0.0,-0.0
-0.0,0.006246004844259766,-0.07505674479985353,0.0,-0.0
-0.28031726825969716,0.0038876866990363757,-0.07614954086462958,0.0,-0.0
-0.0,0.0025319833321560976,-0.0972260201615684,0.0,-0.0
-0.0,0.004936715851190917,-0.09982814638488356,0.0,-0.0
-0.2851054287572382,0.005250398217181167,-0.10573508071717133,0.0,-0.0
-0.27928182907858967,0.005879619999774635,-0.10952799765587332,0.0,-0.0
-0.28415847747533945,0.007499120100083091,-0.11104814144616497,0.0,-0.0
-0.2859840879327861,0.004993126443104954,-0.11531497955479342,0.0,-0.0
-0.0,0.0019471894969521194,-0.11715262653668809,0.0,-0.0
-0.0,0.0004967776606483637,-0.1169922296624545,0.0,-0.0
-0.0,-0.003047248154347799,-0.11811453213825313,0.0,-0.0
-0.29384739500113105,-0.0007616548890507126,-0.12492443584116748,0.0,-0.0
-0.2946008043986646,0.0036501451906172577,-0.12584047010553115,0.0,-0.0
-0.310079962737696,0.009936686317195213,-0.12750560983221296,0.0,-0.0
-0.311378668324814,0.020446410232645314,-0.1313453521841232,0.0,-0.0
-0.3105345426941635,0.031735217876564525,-0.13135498197681544,0.0,-0.0
-0.0,0.04097749037680924,-0.13728300388165393,0.0,-0.0
-0.0,0.04599286141811373,-0.1369537385846913,0.0,-0.0
-0.0,0.07628456875768931,-0.1728481961511152,0.0,-0.0
-0.0,0.06581339589315183,-0.1756996334754425,0.0,-0.0
-0.0,0.06655848521952913,-0.1515241560633848,0.0,-0.0
-0.0,0.05554475969316408,-0.11815867889616549,0.0,-0.0
-0.0,0.07572631740238042,-0.08972229996286052,0.0,-0.0
-0.3996244783490948,0.10180298876106612,-0.06117850576356136,0.0,-0.0
-0.3992627947518922,0.13052302454917292,-0.03640843394014308,0.0,-0.0
-0.0,0.15965742584837317,-0.035636604084165704,0.0,-0.0
-0.4168747615237416,0.19402938735919711,-0.03516086098418289,0.0,-0.0
-0.0,0.1954039504735635,-0.03410410080278437,0.0,-0.0
-0.42594205031254195,0.19632182073933055,-0.03344687190886286,0.0,-0.0
-0.4295745589043182,0.19529896700028077,-0.03237807244567292,0.0,-0.0
-0.0,0.18987896897466103,-0.032899196611614945,0.0,-0.0
-0.0,0.1851147056777409,-0.03292288744597401,0.0,-0.0
-0.0,0.19259222885690463,-0.03191784848148364,0.0,-0.0
-0.0,0.1988700191233039,-0.029914110256821266,0.0,-0.0
-0.4541348687811656,0.17663932033854868,-0.02710668509540078,0.0,-0.0
-0.0,0.17106387597773925,-0.025040576886015083,0.0,-0.0
-0.42814856046853345,0.13626961117783853,-0.02169117245447444,0.0,-0.0
-0.0,0.11064613768495198,-0.01953987709204012,0.0,-0.0
-0.0,0.08205170620074942,-0.034245442793171,0.0,-0.0
-0.42439162077340264,0.06854346177846521,-0.04910325545159384,0.0,-0.0
-0.43235457446775993,0.061002938548803586,-0.062348127245155927,0.0,-0.0
-0.0,0.05722509194712411,-0.07042673911448134,0.0,-0.0
-0.0,0.06741488397292342,-0.0790741775380189,0.0,-0.0
-0.0,0.08962147829934623,-0.07554618027093517,0.0,-0.0
-0.4767718990427674,0.11127221954588942,-0.07174229293641615,0.0,-0.0
-0.0,0.12790367207474526,-0.07017582755289468,0.0,-0.0
-0.0,0.14169526209433023,-0.07493968397091082,0.0,-0.0
-0.0,0.15044518887606925,-0.07956886478840956,0.0,-0.0
-0.0,0.14944564989885084,-0.07891739634408612,0.0,-0.0
-0.5351092585622376,0.14943449110950305,-0.07852563376883284,0.0,-0.0
-0.0,0.1522334259512452,-0.07786714935552884,0.0,-0.0
-0.0,0.15251691960239147,-0.07747260297108029,0.0,-0.0
-0.0,0.14641960263106482,-0.07747178105243038,0.0,-0.0
-0.0,0.14040271530754503,-0.07802099490655258,0.0,-0.0
-0.0,0.1411277415228544,-0.07839618129245238,0.0,-0.0
-0.0,0.14119733402911314,-0.07903093984119439,0.0,-0.0
-0.0,0.13833330050911108,-0.07826420154738341,0.0,-0.0
-0.0,0.13839739231477927,-0.0778286891474605,0.0,-0.0
-0.5598066002215226,0.13126775311946107,-0.07659544843252053,0.0,-0.0
-0.0,0.11951172396917954,-0.07302080866336219,0.0,-0.0
-0.0,0.11327880250650638,-0.06889620687693947,0.0,-0.0
-0.0,0.09841603969057454,-0.06582900122016769,0.0,-0.0
-0.0,0.08220938283256218,-0.06256763698023483,0.0,-0.0
-0.0,0.0685863366114154,-0.06061268149454609,0.0,-0.0
-0.0,0.05884829161642658,-0.05989918875929511,0.0,-0.0
-0.0,0.03926883379484612,-0.05971700540786163,0.0,-0.0
-0.0,0.022098289469563506,-0.059507434225495565,0.0,-0.0
-0.0,0.01590554607536406,-0.05973384826387983,0.0,-0.0
-0.0,0.018416293156399376,-0.05943118832394118,0.0,-0.0
-0.0,0.011958514474425058,-0.058179146602324934,0.0,-0.0
-0.0,0.009267228139245203,-0.0570817357482507,0.0,-0.0
-0.6348627040033141,0.014849860854859688,-0.0552093803891014,0.0,-0.0
-0.0,0.008869367468479774,-0.054333110672026674,0.0,-0.0
-0.0,0.005349423619611243,-0.05514679999304113,0.0,-0.0
-0.0,0.007636893943333673,-0.032835855164297184,-0.626826685113049,-0.0
0.6269955044438713,0.021366042880167642,-0.008978517776974462,-0.6290370940599411,-0.0
-0.0,0.04494681205883323,0.014549972596506764,-0.6297541154488331,-0.0
-0.0,0.07931330667041624,0.03589064805920535,-0.6296136881670319,-0.0
-0.628600553457783,0.10015076522121907,0.05720278620960633,-0.6296404337029926,-0.0
-0.0,0.12867141870080553,0.059395723069709035,-0.6281779675690282,-0.0
-0.0,0.16108887328005694,0.05913828115773364,-0.6262456841662795,-0.0
-0.0,0.18757393559882898,0.06034951860139878,-0.6253354179072438,-0.0
-0.0,0.2139325627020824,0.06334869237143498,-0.633906380572127,-0.0
-0.0,0.24463650313029744,0.0939000019719644,-0.6369852240907641,-0.0
0.723379154963274,0.28766796444938475,0.13039328762094632,-0.6746312604457058,-0.0
-0.7223708325403475,0.3033662184538759,0.16239714235292887,-0.674178562289494,-0.0
-0.0,0.30101131118858526,0.19242890918821393,-0.6750735190378324,-0.0
-0.7030557245283904,0.28101462942240263,0.2207596604974558,-0.6666905555963103,-0.0
-0.0,0.2856436288138055,0.22173279505379226,-0.6667839834655295,-0.0
-0.0,0.2851306781025373,0.22095541136620633,-0.6672508539360767,-0.0
-0.0,0.2851359855566062,0.22016304253712543,-0.6672591545654298,-0.0
-0.0,0.28668884859939203,0.22541318046279366,-0.668902193043873,-0.0
-0.0,0.2901907422898498,0.22725972209830952,-0.6730405056342585,-0.0
-0.7184814126850315,0.27419489069215724,0.22681358672012336,-0.6758531553074136,-0.0
-0.0,0.26010755858664664,0.23225361100125475,-0.6894148208154952,-0.0
-0.0,0.23619741528135185,0.2329107556606483,0.0,-0.0
-0.0,0.2271335441481959,0.23220459411743347,0.0,-0.0
-0.0,0.23485310432600495,0.22974229421409037,0.0,-0.0
-0.0,0.2574646409035478,0.2282065765880023,0.0,-0.0
-0.0,0.2804385113122565,0.22718651126792258,0.0,-0.0
-0.7526113627367621,0.3183552810787906,0.22938700824507666,0.0,-0.0
-0.0,0.3251330198489101,0.2537137664872897,0.0,-0.0
-0.0,0.30308468743350303,0.28208024237078,0.0,-0.0
-0.7603170850634609,0.28746593414640104,0.3086633317795631,0.0,-0.0
-0.0,0.272874153419969,0.32330759238995443,0.0,-0.0
-0.0,0.2697765139777878,0.3422446244065664,0.0,-0.0
-0.7707753163876891,0.25736948348649236,0.33072439141188226,0.0,-0.0
-0.7747280375678377,0.26888898444298265,0.32551874374822093,0.0,-0.0
-0.7544978240703429,0.25690775242512853,0.3147150163310325,0.0,-0.0
-0.0,0.25466967783147815,0.3167937927986047,0.0,-0.0
-0.0,0.25475915068674254,0.32750724081594257,0.0,-0.0
-0.0,0.2499310676863812,0.32618065920585587,0.0,-0.0
-0.7405747818024296,0.2421901251097087,0.3254348147542336,0.0,-0.0
-0.7455493301247265,0.24551528189099264,0.32534626030560143,0.0,-0.0
-0.0,0.24521218703847875,0.32596117675351155,0.0,-0.0
-0.0,0.2503551204974239,0.32942724859653233,0.0,-0.0
-0.7545943262807944,0.25190344272692317,0.3241557416280733,0.0,-0.0
-0.8100826105891363,0.27564634975117736,0.3309513277406349,0.0,-0.0
-0.7680485665913631,0.2568557159372924,0.3124762274819455,-0.7190594612367568,-0.0
-0.0,0.2518229215934134,0.2992805291039074,-0.715508833191176,-0.0
-0.0,0.2476584505106915,0.29122550910076056,-0.7243398490166721,-0.0
-0.7817179518696025,0.24503943666040068,0.28662901467077406,-0.7290710218502903,-0.0
-0.0,0.2377871674933215,0.28986210282592173,-0.74148683252072,-0.0
-0.8159406372948609,0.21564890103677378,0.2879258825128661,-0.7465865301677097,-0.0
-0.8022326093172673,0.20876265918533096,0.27421261113146495,-0.7476613763117573,-0.0
-0.8232547745769015,0.20974793914186485,0.2800771862970439,-0.7585461179075895,-0.0
-0.0,0.20432047521654842,0.26641514842231745,-0.758446490362987,-0.0
-0.8238912131765541,0.19034214156736415,0.260037705724424,-0.7594226257956512,-0.0
-0.841181724593557,0.1782663505112368,0.25759912328746504,-0.7699090073420999,-0.0
-0.8228068803257395,0.15845183731988752,0.2527063308581825,-0.7647499536641699,-0.0
-0.0,0.15032246420968565,0.24884576982767817,-0.7586029015996799,-0.0
-0.0,0.14509574844250456,0.25261104907885273,-0.7714130252372509,-0.0
-0.8260499535597046,0.1545293513945469,0.24721395909404228,-0.7640994236885919,-0.0
-0.8248727970297559,0.16555767213502828,0.24332648572493717,-0.7673908865795337,-0.0
-0.8190767993844783,0.1864871457390408,0.2391911543445292,-0.7671701538788382,-0.0
-0.8198072221609726,0.19918492266067037,0.23498403369934737,-0.7676854927251211,-0.0
-0.0,0.2129582421918907,0.23105926979944544,-0.7706684538423872,-0.0
-0.8225361884446213,0.20942269519363188,0.19689866917833937,-0.7669070858045417,-0.0
-0.8117684279245079,0.20482459494968847,0.16096489501404906,-0.7600432725690242,-0.0
-0.0,0.20136849730489617,0.13258461492511825,-0.7594475218409911,-0.0
-0.0,0.20017988343089793,0.1046549638403454,-0.7691584860769831,-0.0
-0.8227962986644285,0.19317753181808733,0.0754206574505164,-0.7628185568202256,-0.0
-0.0,0.19492698541760564,0.07579545595455754,-0.7649854995610726,-0.0
-0.0,0.19748173142884515,0.07046078068388188,-0.7060656410973822,-0.0
-0.718635135810297,0.2094673265287018,0.06974427577154017,-0.707151104043456,-0.0
-0.0,0.2088369505075841,0.06689017300613927,-0.6958582777204555,-0.0
-0.6785950421555269,0.2147565139671048,0.022656734636459553,-0.6831158923634136,-0.0
-0.0,0.22999160874268318,-0.023758454536499753,-0.6820935918434682,-0.0
-0.0,0.24294883868156075,-0.0751087848181245,-0.6882277408228854,-0.0
-0.0,0.2618930280680615,-0.1333154988629927,-0.6956343478489784,-0.0
-0.6780535267403534,0.25036304116021757,-0.17657093906688,-0.6791749698948917,-0.0
-0.0,0.24124881118812483,-0.17934506665890493,-0.6784820221599984,-0.0
-0.0,0.20985481107221085,-0.16700361328572838,-0.6654593706119764,-0.0
-0.0,0.2074810570128703,-0.16804971815464662,-0.6577546551750774,-0.0
-0.0,0.21117500284958798,-0.17168708880720376,-0.6584583438676941,-0.0
-0.0,0.2089836450657989,-0.1660080830304924,-0.6582325006904134,-0.0
-0.0,0.20602284428358436,-0.16836783411683764,-0.65921411721031,-0.0
-0.6469844938431406,0.20159106725270853,-0.1693838907674893,-0.6485573860038456,-0.0
-0.6322517943695701,0.18058712036443275,-0.15308167699984832,-0.6350667626365866,-0.0
-0.0,0.17394171259130317,-0.14933484581122275,-0.6333788187811954,-0.0
-0.6488710403610572,0.17044226326371234,-0.15908423836490435,-0.6426232022922014,-0.0
-0.6475581151613647,0.17082773333596118,-0.1672815193363439,0.0,-0.0
-0.7002503212112924,0.17317998334147158,-0.18153973836847034,0.0,-0.0
-0.6839904275265076,0.16712765098063417,-0.1934206646190655,0.0,-0.0
-0.6350667370696633,0.14926510334419796,-0.1574183084884145,0.0,-0.0
-0.0,0.138694253469908,-0.14226485733869187,0.0,-0.0
-0.0,0.13118690408017247,-0.14505143693820613,0.0,-0.0
-0.0,0.11877965486269837,-0.14303945597184986,0.0,-0.0
-0.0,0.10730365466029138,-0.14393380677220433,0.0,-0.0
-0.0,0.08723503384929748,-0.13620422749292585,0.0,-0.0
-0.0,0.0682552676875902,-0.13177604368983442,0.0,-0.0
-0.0,0.0461085032282662,-0.1275939846574245,0.0,-0.0
-0.0,0.022098789457870048,-0.09283263537706336,0.0,-0.0
0.5929460723440667,0.0048127874709366116,-0.058520696299678016,0.0,-0.0
-0.5836848176364446,-0.006799771167461228,-0.023769579815494556,0.0,-0.0
-0.5805726002073288,-0.019932173966206158,0.008584193759589168,0.0,-0.0
-0.5768268693902909,-0.023553101272519816,0.039422105347999906,0.0,-0.0
-0.5797497364022016,-0.017732756403740214,0.039264366438327925,0.0,-0.0
-0.5679857320123242,-0.01088828442669629,0.03843344630475628,0.0,-0.0
-0.5669361945320799,-0.006346200987517677,0.039988344030813895,0.0,-0.0
-0.5690162897010683,-9.87247110748058e-05,0.04465637860219,0.0,-0.0
-0.5715916546606649,0.006750242928777317,0.04909859101839564,0.0,-0.0
-0.5644712228037408,0.022626068863157996,0.05175423069030929,0.0,-0.0
-0.5619625323164518,0.02875754716907107,0.056326348798343105,0.0,-0.0
-0.0,0.03840294860850271,0.05664246342652734,0.0,-0.0
-0.0,0.05043362998180648,0.055093991229417015,0.0,-0.0
-0.5350897030286168,0.0605728395548857,0.05588243151244044,0.0,-0.0
-0.0,0.06527504884494764,0.05910582021510799,0.0,-0.0
-0.5339802842506903,0.07741318847833593,0.06267293460743462,0.0,-0.0
-0.5317476929549068,0.075586939923505,0.06411425852283946,0.0,-0.0
-0.5377901535884341,0.07917438244907019,0.06694594528582933,0.0,-0.0
-0.5396613416439273,0.08250759071950127,0.06853390263128603,0.0,-0.0
-0.5316446947079688,0.08385822269750794,0.06584681714650878,0.0,-0.0
-0.5317306466726608,0.07658897644858824,0.06389424840656306,0.0,-0.0
-0.5278833292499602,0.07714917323246424,0.06151045573211677,0.0,-0.0
-0.5283094636996329,0.07254767455716069,0.06010743401280904,0.0,-0.0
-0.5270296285830905,0.06602642682966792,0.05904841564498462,0.0,-0.0
-0.5252304864424275,0.06264161767798034,0.057021302437838504,0.0,-0.0
-0.5244359598203371,0.06126949038175351,0.05563814572560058,0.0,-0.0
-0.5136198067185971,0.05907872727224962,0.054098045712949475,0.0,-0.0
-0.5168976478055507,0.05652747897376536,0.05207692759897365,0.0,-0.0
-0.5162453944404234,0.05199461491537991,0.05028094215615798,0.0,-0.0
-0.5160579953493908,0.04256421219409678,0.048825579697053485,0.0,-0.0
-0.5113480959131679,0.03449092937027993,0.04792511340237808,0.0,-0.0
-0.4808036209202786,0.02084250013821946,0.0446817754717631,0.0,-0.0
-0.47246908482509903,0.014109899149960055,0.041354320843577964,0.0,-0.0
-0.46163987175447857,0.018171041186263635,0.03733283668545862,0.0,-0.0
-0.4615805044454516,0.02575195427073884,0.03287427265346519,0.0,-0.0
-0.4618207048396601,0.029811653373836504,0.025788756306588015,0.0,-0.0
-0.4236987228810967,0.05133737497847097,0.01573301401246897,0.0,-0.0
-0.4163432701177534,0.06687299589942587,0.007315045898585226,0.0,-0.0
-0.41645250143338874,0.07242981946751403,-0.002799694535315765,0.0,-0.0
-0.4144536133375466,0.0700843053695103,-0.012075458671060598,0.0,-0.0
-0.0,0.07770656538935111,-0.019443558679338193,0.0,-0.0
-0.4238852547380789,0.06117311619345401,-0.0247498983934873,0.0,-0.0
-0.0,0.05309796685733847,-0.02790661528098578,0.0,-0.0
-0.0,0.041625355716790574,-0.028014348156890287,0.0,-0.0
-0.0,0.04617023547811994,-0.028286237263926137,0.0,-0.0
-0.36820902106401243,0.0506707148286645,-0.028825493710851184,0.0,-0.0
-0.0,0.06368193873696387,-0.028744705216413972,0.0,-0.0
-0.3590116206988045,0.07044432373969745,-0.027491079038564216,0.0,-0.0
-0.0,0.08957955261539996,-0.026041436944488596,0.0,-0.0
-0.3561821004755935,0.0990693621874395,-0.02504634833973956,0.0,-0.0
-0.0,0.10310274037681862,-0.022478492142300133,0.0,-0.0
-0.0,0.10950340297282016,-0.02035568735510554,0.0,-0.0
-0.0,0.11076613407943264,-0.018488318900139813,0.0,-0.0
-0.0,0.10320148954305652,-0.01636503360042209,0.0,-0.0
-0.3633086504017228,0.09691112041010896,-0.014704642819287874,0.0,-0.0
-0.0,0.09183229985148245,-0.01499968379807074,0.0,-0.0
-0.0,0.08049551164530444,-0.016304781290966748,0.0,-0.0
-0.34544803351000153,0.0698143050939355,-0.022039349472768865,0.0,-0.0
-0.0,0.053371615061809645,-0.030783696914690545,0.0,-0.0
-0.0,0.03914465393770951,-0.051839433978881334,0.0,-0.0
-0.34691338034290303,0.025767668876116895,-0.07515652527048747,0.0,-0.0
-0.3502725765417907,0.0069692258986344775,-0.0975203252929265,0.0,-0.0
-0.3562755180450415,-0.009802456889183199,-0.1346690566557594,0.0,-0.0
-0.0,-0.018554966660444337,-0.16789301987491748,0.0,-0.0
-0.3582317476880287,-0.029840533490736627,-0.1900469437910195,0.0,-0.0
-0.3572652998346624,-0.0471253210763944,-0.17465611180304988,0.0,-0.0
-0.35310651774864077,-0.05119491098229688,-0.18926973617836157,0.0,-0.0
-0.35269703960300774,-0.05568254812204423,-0.19227636353010866,0.0,-0.0
-0.33361719128255973,-0.055583403972846744,-0.18733425331021852,0.0,-0.0
-0.0,-0.05412453099060812,-0.18512316825255007,0.0,-0.0
-0.3195706028693154,-0.04631728992373639,-0.18380514704576092,0.0,-0.0
-0.32667077395206967,-0.04676719416228346,-0.18509844001481068,0.0,-0.0
-0.0,-0.04329625102758471,-0.18630418024249346,0.0,-0.0
-0.0,-0.04189767506441712,-0.18294328113033176,0.0,-0.0
-0.0,-0.0434327588904559,-0.1734769228423324,0.0,-0.0
-0.0,-0.044961185620647236,-0.17067444348838245,0.0,-0.0
-0.32237957568087683,-0.04896340203658303,-0.1696990297355772,-0.342454735871026,-0.0
-0.0,-0.054562083105997285,-0.16547103109657502,-0.34340312031488784,-0.0
-0.2884786635417982,-0.052194871540473024,-0.15260778436814243,-0.3240683953334236,-0.0
-0.28267833657264785,-0.0512605055067621,-0.14901164898200225,-0.3210301969489951,-0.0
-0.2556797298942901,-0.04762740182947167,-0.137605795525091,-0.3051805693971629,-0.0
-0.2563196144101303,-0.029446011112368536,-0.13428684909510663,-0.3057829868847199,-0.0
-0.2600252866423171,-0.00954325982319727,-0.133481433911936,-0.30796517010958274,-0.0
-0.0,0.007803200277583199,-0.13075032875729875,-0.30587408162061663,-0.0
-0.24659788633638327,0.02721611790067852,-0.12657694425529878,-0.2999445989836334,-0.0
-0.0,0.04032849462996141,-0.12309891972958373,-0.2968156057422223,-0.0
-0.0,0.04210017085113573,-0.12032866862219796,-0.2922507204682218,-0.0
-0.0,0.04232210166973978,-0.11900151425410473,-0.2918752906159346,-0.0
-0.0,0.04702198243853646,-0.12027804971634827,-0.2911128120118903,-0.0
-0.0,0.04277347280981081,-0.11802988865558828,-0.2881804690636919,-0.0
-0.23155720384982634,0.04826876000282315,-0.11764994989438385,-0.2900362846996824,-0.0
-0.2326470875699075,0.051108617167542246,-0.11714427433373405,-0.29072638570246795,-0.0
-0.2340185939101451,0.05026253079539213,-0.11683066348921346,-0.29081042535175367,-0.0
-0.0,0.03709552867405881,-0.11572078676647217,-0.29025458132922166,-0.0
-0.0,0.03160654010358765,-0.11537590563713304,-0.29109468453102244,-0.0
-0.0,0.027524738040534884,-0.11384623081498133,-0.28968467877600546,-0.0
-0.0,0.019663924292458456,-0.11194619497856101,-0.28942844216151814,-0.0
-0.23085019355223407,0.02173291829341444,-0.10965218471080168,-0.2889870039987261,-0.0
-0.23125396999095787,0.03403399274950467,-0.10637797701529592,-0.28946953350413834,-0.0
-0.22767324070855935,0.043664089793564356,-0.10132858991635554,-0.2875488136396236,-0.0
-0.22889496077605515,0.045946359662501365,-0.0973939602572788,-0.2895575632483416,-0.0
-0.0,0.060565773221671136,-0.0913418075702959,-0.28829281704557996,-0.0
-0.22707439765801612,0.06625131759076967,-0.08698075559564525,-0.288659979587235,-0.0
-0.0,0.06833043423374859,-0.08219081497668092,-0.28737008670891173,-0.0
-0.0,0.07364324612986164,-0.07903528950394716,-0.28450575854603166,-0.0
-0.0,0.08256578907685704,-0.07770917837095384,-0.28605239957702766,-0.0
-0.22430244757375,0.07335004482765857,-0.0767062748782131,-0.2857685232191823,-0.0
-0.22349573218457916,0.06512706174977945,-0.07594593211738004,-0.28521094019165244,-0.0
-0.0,0.06136059434341329,-0.0757127871194539,-0.2855957386531419,-0.0
-0.0,0.036825573192455704,-0.0728872226344208,-0.2792430476473878,-0.0
-0.0,0.023795199688933483,-0.07152655836531131,-0.27446587833240865,-0.0
-0.0,0.008967126852387201,-0.07234092385931065,-0.27598762748401057,-0.0
-0.1935924853056407,-0.0064283494101535985,-0.07022102421589095,-0.2664971770642142,-0.0
-0.0,-0.027326288413881867,-0.07063830557581541,-0.26668332727231003,-0.0
-0.19212351458244784,-0.024010775456096253,-0.07063085415340468,-0.2660658061501299,-0.0
-0.0,-0.026654998775540246,-0.07162284513904213,-0.26651025334608147,-0.0
-0.0,-0.026866735296526917,-0.0724180977729609,-0.2687669712681844,-0.0
-0.0,-0.028938568871404988,-0.07405315690277825,-0.26963772707771305,-0.0
-0.0,-0.030376153862827063,-0.07539767941397298,0.0,-0.0
-0.19424350922955255,-0.03801191252037334,-0.07389976829816679,0.0,-0.0
-0.19292639673752468,-0.049371845798763636,-0.07063369564680783,0.0,-0.0
-0.19120377162967547,-0.06255174611515497,-0.06541682922357298,0.0,-0.0
-0.0,-0.07307079201070554,-0.05381132799918581,0.0,-0.0
-0.0,-0.07895949484470768,-0.040686631477451614,0.0,-0.0
-0.0,-0.07890328275021743,-0.027716490145272953,0.0,-0.0
-0.0,-0.07401516163603304,-0.016688143637994736,0.0,-0.0
-0.0,-0.06235547895558485,-0.006125464479843631,0.0,-0.0
-0.0,-0.05648106577536556,-0.001598379202123718,0.0,-0.0
-0.0,-0.055754237459713446,0.0020179313498517085,0.0,-0.0
-0.0,-0.058200678384829424,0.005393569156976767,0.0,-0.0
-0.1731229419747051,-0.06677208857017734,0.008471299350630047,0.0,-0.0
-0.0,-0.07584825823725254,0.010778377416968873,0.0,-0.0
-0.0,-0.0777050658232821,0.012182952264616164,0.0,-0.0
-0.0,-0.07566679179002905,0.013100370399126504,0.0,-0.0
-0.0,-0.0664768564363597,0.014129558582586346,0.0,-0.0
-0.0,-0.060594543083683644,0.015271253273025144,0.0,-0.0
-0.0,-0.0605950468408418,0.016653518804192545,0.0,-0.0
-0.0,-0.060924323933839154,0.018651685066444556,0.0,-0.0
-0.0,-0.05620442388059236,0.02113611463179349,0.0,-0.0
-0.0,-0.05638869061953309,0.02363598575242485,0.0,-0.0
-0.16265904526089178,-0.04906107234596726,0.025995403892746217,0.0,-0.0
-0.0,-0.028770067526962276,0.027822392038392613,0.0,-0.0
-0.0,-0.010650494111933015,0.02938943367984122,0.0,-0.0
-0.0,0.006597710306534356,0.029916516075758976,0.0,-0.0
-0.0,0.026458146406119536,0.029882011205623674,0.0,-0.0
-0.0,0.04209946391966727,0.029539377473763933,0.0,-0.0
-0.15652450370379806,0.0394749907306747,0.028982759138665083,0.0,-0.0
-0.1547901939900786,0.047928010373331796,0.02842649693257431,0.0,-0.0
-0.0,0.046824565309344486,0.02805706599622039,0.0,-0.0
-0.0,0.040138503357785585,0.028005272992217754,0.0,-0.0
-0.0,0.027297839050790095,0.028284978582436497,0.0,-0.0
-0.0,0.02159304249689382,0.02873378932245723,0.0,-0.0
-0.0,0.011765432871235416,0.029331234036499596,0.0,-0.0
-0.0,0.013338976944245092,0.030112236269235045,0.0,-0.0
-0.0,0.010624263177490543,0.03105493711273161,0.0,-0.0
-0.0,0.012962707653345486,0.03207625068832315,0.0,-0.0
-0.0,0.02585650788521829,0.033146169698740256,0.0,-0.0
-0.0,0.032055200824072046,0.03474586236856471,0.0,-0.0
-0.0,0.02734163218492562,0.035368289087749014,0.0,-0.0
-0.0,0.030169525167658213,0.03608090578604474,0.0,-0.0
-0.0,0.032885216438974,0.0363103498669581,0.0,-0.0
-0.0,0.025007914115542793,0.03633220224656043,0.0,-0.0
-0.15824404268697803,0.02470524922486754,0.03787907773701837,0.0,-0.0
-0.0,0.03185015605084486,0.037951864801416074,0.0,-0.0
-0.0,0.0460528838403376,0.038155799949286,0.0,-0.0
-0.0,0.05975777756009566,0.03850077248826857,0.0,-0.0
-0.0,0.08791972083667406,0.03796166806532582,0.0,-0.0
-0.0,0.1042221331260465,0.03804155358937641,0.0,-0.0
-0.0,0.12301170388645928,0.03822386643733688,0.0,-0.0
-0.0,0.1314593349579277,0.03901335716540488,0.0,-0.0
-0.0,0.14080220343187624,0.03921521543425497,0.0,-0.0
-0.0,0.14197299587954856,0.039119287500659704,0.0,-0.0
-0.0,0.14483868680814532,0.0391277974744357,0.0,-0.0
-0.0,0.13857332699952543,0.03937736325297513,0.0,-0.0
-0.0,0.12092574216282408,0.040252840023859274,0.0,-0.0
-0.0,0.10541465496928058,0.040528788407059695,0.0,-0.0
-0.0,0.083261311028438,0.04084507768582234,0.0,-0.0
-0.0,0.07387998765233042,0.041358526998197226,0.0,-0.0
-0.0,0.07186033426377625,0.04185189302110132,0.0,-0.0
-0.14776835817669523,0.07377404596271202,0.042477873445456976,0.0,-0.0
-0.0,0.07942579681340083,0.04271526397131783,0.0,-0.0
-0.0,0.0979589577792081,0.042492411595308685,0.0,-0.0
-0.0,0.0956652427776936,0.042177298671392645,0.0,-0.0
-0.0,0.09473576309687326,0.04119728690295705,0.0,-0.0
-0.0,0.10310998437308215,0.040344595948555786,0.0,-0.0
-0.0,0.09666910252848825,0.03912001475180534,0.0,-0.0
-0.0,0.08423820690143022,0.0374427085710944,0.0,-0.0
-0.14524728538064482,0.07662011128460741,0.030674117305380885,0.0,-0.0
-0.0,0.062225505928983585,-0.0020261277180204876,0.0,-0.0
-0.0,0.029360647049659863,-0.0467305975755833,0.0,-0.0
-0.14418965276900106,0.01857638826978764,-0.09194048564694682,0.0,-0.0
-0.0,0.018391118122762517,-0.1381593963727122,0.0,-0.0
-0.0,0.036987713256102624,-0.17866705662826476,0.0,-0.0
-0.0,0.04836325870130351,-0.19352089269459988,0.0,-0.0
-0.0,0.06746498567316422,-0.2010540582793446,0.0,-0.0
-0.0,0.0801861867268699,-0.20726068568406442,0.0,-0.0
-0.0,0.0860289660180247,-0.2116610165897204,0.0,-0.0
-0.0,0.08930857007521864,-0.21562919470478054,0.0,-0.0
-0.0,0.09306238779920765,-0.21614903561814167,0.0,-0.0
-0.0,0.10582784225464725,-0.22442062030632584,0.0,-0.0
-0.0,0.11024867131518375,-0.2539293855572823,0.0,-0.0
-0.0,0.10628077105509788,-0.2842711666612929,0.0,-0.0
-0.0,0.08721507241108846,-0.31478656556903956,0.0,-0.0
-0.14507849019657273,0.07919570860483478,-0.3717420578246938,0.0,-0.0
-0.15307236798202142,0.07215994711768842,-0.44091091310153246,0.0,-0.0
-0.15432996503158197,0.07219577748879416,-0.4983737435302762,0.0,-0.0
-0.16445821968087176,0.06245059636887495,-0.5907434187315436,-0.25133272830025233,-0.0
-0.16280736560461817,0.05882663458410698,-0.6390777001728822,-0.2501441262489285,-0.0
-0.16297899772991453,0.06636948841612156,-0.6651588577134113,-0.24991442259250782,-0.0
-0.16431828381590188,0.0752830804395357,-0.6941945906505496,-0.2509130405231998,-0.0
-0.16836069276321464,0.07539760675730854,-0.7188916344590676,-0.2540609014602965,-0.0
-0.17191254957484103,0.0900735048215751,-0.7777213245364168,-0.25690351539204453,-0.0
-0.17619082644165102,0.10980676104486203,-0.7964320766354123,-0.2597010007135557,-0.0
-0.16892710436887828,0.07452807982989484,-0.7915734151592358,-0.25438543345752146,-0.0
-0.16745746958847377,0.05877234468779081,-0.7939529100382511,-0.2515356142194645,-0.0
-0.16815838317214551,0.05464609328273445,-0.7969188957236345,-0.2520677782765543,-0.0
-0.0,0.05520283192875987,-0.7726063644863028,-0.2506411590026711,-0.0
-0.0,0.047102529640722396,-0.737488760169182,-0.24977814347742658,-0.0
-0.0,0.05201028266134803,-0.7381761356504729,-0.2498826669470916,-0.0
-0.0,0.04694816271450993,-0.7540158195294078,-0.2505683459114725,-0.0
-0.0,0.03196164154062514,-0.7507728150803964,-0.250771948572609,-0.0
-0.0,0.005109240782563115,-0.6409687987678465,-0.24138493897587424,-0.0
-0.0,-0.026787352301926647,-0.6207005749446216,-0.23553961875451662,-0.0
-0.0,-0.05548010706381698,-0.6011125613548295,-0.2335158160818504,-0.0
0.15232185793406705,-0.06928841333881786,-0.6014710079769559,-0.2338323989701125,-0.0
-0.0,-0.07366058493741014,-0.5726107353656048,-0.23348793969881876,-0.0
0.15102405508720318,-0.06564390963652103,-0.5702889191552117,-0.23324119302565688,-0.0
0.15203143893377075,-0.04221591230685969,-0.5840974929003785,0.0,-0.0
0.15202736470061654,-0.03385803353514082,-0.5784946698335051,0.0,-0.0
-0.0,-0.030445650763949204,-0.5859917142526497,0.0,-0.0
-0.0,-0.03284227582208285,-0.5801699337429752,0.0,-0.0
-0.0,-0.04373444229973958,-0.4782015986157183,0.0,-0.0
-0.0,-0.0617782976624511,-0.45749836278725525,0.0,-0.0
-0.0,-0.059933879484498805,-0.3981169812871789,0.0,-0.0
-0.0,-0.05945053871917179,-0.38912397360008716,0.0,-0.0
-0.0,-0.05666232345735314,-0.3470347781278281,0.0,-0.0
-0.0,-0.0543940209916718,-0.3571447246787461,0.0,-0.0
-0.0,-0.05066077543544858,-0.365572437841474,0.0,-0.0
-0.0,-0.034124677642877535,-0.3725988257494783,0.0,-0.0
-0.0,-0.016257813542627942,-0.3596248289215036,0.0,-0.0
0.1557441975148876,-0.032028748726601476,-0.3596683128641767,0.0,-0.0
0.15600618987557813,-0.04647586630356677,-0.3592421252026745,0.0,-0.0
-0.0,-0.055050244176207117,-0.3392999746692624,0.0,-0.0
-0.0,-0.10212598278652565,-0.3151822980484312,0.0,-0.0
-0.14920650024491136,-0.14527508318582322,-0.2912797336344101,0.0,-0.0
-0.0,-0.15984830148030385,-0.29508751117668564,0.0,-0.0
-0.0,-0.16643900402940243,-0.2953340013040808,0.0,-0.0
-0.0,-0.18682763595106075,-0.29215405411368833,0.0,-0.0
-0.0,-0.1975890902942276,-0.2925454786969296,0.0,-0.0
-0.14543229155924692,-0.20274413302736644,-0.2748928704556137,0.23193135395573525,-0.0
-0.0,-0.20628264343188052,-0.26904441753573105,0.23060453339376744,-0.0
-0.0,-0.21773752539652189,-0.25244463193118866,0.23275743536172758,-0.0
-0.0,-0.20330841220792364,-0.21241188751622994,0.22875066096453303,-0.0
0.13867398804061187,-0.19905863560647333,-0.19413942082781344,0.23037999765636377,-0.0
-0.12461604083112027,-0.17059307321964112,-0.15657601367170781,0.21897243659013516,-0.0
-0.11809615337097815,-0.15561670496877242,-0.13153169251329716,0.21326266285054726,-0.0
0.12147373736839137,-0.1432511857738552,-0.12375662584603592,0.2165648684481337,-0.0
0.12159033069478233,-0.14009669773096026,-0.12250285294566068,0.2169305659463555,-0.0
-0.11500376135668264,-0.12501074623236108,-0.11392067679884171,0.2114021926931792,-0.0
-0.0,-0.1140806899293656,-0.1061317290681294,0.20716693696181604,-0.0
-0.0,-0.11708992044369551,-0.1036072602570723,0.20576305078881216,-0.0
-0.0,-0.11516601247913985,-0.10017741653333619,0.20238148479182966,-0.0
-0.09826704736347902,-0.10998907861404367,-0.09374541157148034,0.19610701975964032,-0.0
0.09939773725896171,-0.10996557729929975,-0.09329324704861029,0.19914004694225326,-0.0
-0.0,-0.10296740597271802,-0.08738472656574994,0.19966239822348705,-0.0
-0.0,-0.09932610257871596,-0.07743846672187651,0.19492163674183763,-0.0
-0.0,-0.09505135390141795,-0.06929148207840513,0.19638156560544068,-0.0
-0.0,-0.09233836305536643,-0.06081035137200979,0.19708034007385883,-0.0
-0.0,-0.09126288139969004,-0.049876145091497195,0.1961078531482241,-0.0
-0.0,-0.0802624091018398,-0.039288045079433724,0.1956380411556679,-0.0
-0.0,-0.0671282737799192,-0.029802017497757627,0.19616276555076767,-0.0
-0.0,-0.05727450212254088,-0.020806678207625214,0.19654862465001882,-0.0
-0.0,-0.043821657818001,-0.011921499979122292,0.1969023685220029,-0.0
-0.0,-0.027472739926303395,-0.005468429879823601,0.1949982259093539,-0.0
-0.0,-0.01780368213296063,-0.0018414239915318785,0.19516246428285056,-0.0
-0.0,-0.012176727785958187,0.0009750710282577017,0.1951621425553895,-0.0
-0.0,0.003896388636132472,0.006788722765633586,0.1939859697840144,-0.0
-0.0,0.01807015457993048,0.013125617177555223,0.1938421247687724,-0.0
-0.0,0.029219346219397972,0.01912746803738015,0.1947256582710915,-0.0
-0.0,0.037238312543710836,0.024111285578876235,0.1952507251205053,-0.0
-0.0,0.04582137212888598,0.02838612900541989,0.1953006722599113,-0.0
-0.0,0.03945220492185842,0.02929930904002629,0.19533046469142396,-0.0
-0.0,0.03282008690462498,0.029280321044818373,0.19506300179259664,-0.0
-0.0,0.027744167269441625,0.029405075666024263,0.19532238588250514,-0.0
-0.0,0.024885802930228185,0.029245987435001085,0.19473030761902427,-0.0
-0.0,0.01954580258919915,0.028976944071483535,0.1945410502048873,-0.0
-0.0,0.01997899302370366,0.028302129770526232,0.1921970351756878,-0.0
0.09351185543870162,0.022395659606724672,0.02782555364405226,0.1920859890164484,-0.0
-0.0,0.02477094834611744,0.026760442019961833,0.18981889031361293,-0.0
0.09207315313701087,0.02565217101716075,0.02540301442976828,0.19021585537835559,-0.0
0.09216478640820713,0.02889373988019886,0.023370245292379074,0.1905061073266056,-0.0
-0.0,0.029811502093894965,0.02121631241442602,0.18910843203996325,-0.0
-0.0,0.02931310060439869,0.019489206950035066,0.0,-0.0
-0.0,0.024986274758969446,0.017805000846780005,0.0,-0.0
-0.0,0.024995295371730782,0.01691465133989937,0.0,-0.0
-0.0,0.030018015795156044,0.015836770103795153,0.0,-0.0
-0.0,0.03570964518241108,0.01583445584159276,0.0,-0.0
-0.09350940297766641,0.0390515126049479,0.015300502737440755,0.0,-0.0
0.09369766362168956,0.046968284129390366,0.015225458257541373,0.0,-0.0
0.0933959582583594,0.04991432724478175,0.014733290593227207,0.0,-0.0
-0.0,0.050616874146061745,0.014387857677473685,0.0,-0.0
-0.0,0.0440975774662313,0.01381594988710507,0.0,-0.0
-0.0,0.042814271744041836,0.013099535708946898,0.0,-0.0
-0.0,0.04323570640365158,0.011829983138559402,0.0,-0.0
-0.0,0.04725928391335829,0.010604709679627318,0.0,-0.0
-0.0,0.04780306031923132,0.009443528395888643,0.0,-0.0
-0.0,0.05510061835755162,0.008449207308123298,0.0,-0.0
-0.0,0.05887294713680959,0.007812460872132817,0.0,-0.0
-0.0,0.06145614990783535,0.007638848145356048,0.0,-0.0
-0.0,0.06181204462861069,0.007575330122166261,0.0,-0.0
-0.0,0.062363048614730306,0.007552034119170097,0.0,-0.0
-0.0,0.063232830301396,0.007520740976556579,0.0,-0.0
-0.0,0.06450079236971305,0.007501811383450363,0.0,-0.0
-0.0,0.06703749177044392,0.007435452898165766,0.0,-0.0
-0.0,0.06830059529382788,0.007354976234708583,0.0,-0.0
-0.0,0.06919182773772481,0.007225369884584106,0.18537830412760653,-0.0
-0.0,0.06983481486719524,0.007006266954023588,0.1855874836691851,-0.0
-0.0,0.06645757247694363,0.007875693323428043,0.2281979683410965,-0.0
-0.0,0.06240125955438228,0.007439657317857599,0.2315486729579291,-0.0
-0.0,0.05494736960159038,0.006583603208387204,0.22968871117397918,-0.0
-0.0,0.04589992763310698,0.0054581614818073115,0.22948212642232554,-0.0
-0.0,0.03398117845169178,0.004247588553500389,0.22960409213016095,-0.0
-0.0,0.02353971629214593,0.002624029191506393,0.23194141885874406,-0.0
-0.0,0.011705746370120692,-0.0002547869316731308,0.23403164789668457,-0.0
-0.0,0.0016884219830125607,-0.003185653213572216,0.23518537382398852,-0.0
-0.0,-0.006549248440360203,-0.006272237970182712,0.23545485375887346,-0.0
-0.0,-0.01578648936776514,-0.00949549449203355,0.23348973389964878,-0.0
-0.0,-0.025209071169550706,-0.012407849100876408,0.2358958111272224,-0.0
-0.0,-0.030330007042444453,-0.013937386974462177,0.23564117663922343,-0.0
-0.0,-0.037458690746722985,-0.015271871680124756,0.23674425882978167,-0.0
-0.0,-0.04179275449330842,-0.015934445885440504,0.23604451841378737,-0.0
-0.0,-0.03856962436430932,-0.01597244651281399,0.2294120527222397,-0.0
-0.0,-0.038865965257363085,-0.016053116059333156,0.2295048639844483,-0.0
-0.0,-0.04109861968374915,-0.01613283064581169,0.2300235095001255,-0.0
-0.0,-0.04068474213455418,-0.016130249822790158,0.2299106974743396,-0.0
-0.08634214523500264,-0.04022201793960108,-0.01570739172878042,0.22460291396335094,-0.0
-0.0,-0.04569984231223539,-0.015548004056832479,-0.2246152699711146,-0.0
-0.0,-0.04812883435647053,-0.01541797354748332,-0.22440285248611527,-0.0
-0.08318342015771482,-0.051830199149752364,-0.015197827049833287,-0.22058029966144568,-0.0
-0.0,-0.0586448348831862,-0.014699386321937591,-0.21679291692075617,-0.0
-0.0,-0.06212763306500282,-0.01447410892717526,-0.2157884583009627,-0.0
-0.0,-0.06149947568352763,-0.014257109737508954,-0.21436840971555482,-0.0
-0.0,-0.06546826260374713,-0.014216277968811796,-0.2142921876894244,-0.0
-0.0,-0.06623934274925011,-0.014162632739473687,-0.2144092266754947,-0.0
-0.0,-0.06615967733385848,-0.013964898354259524,-0.21253233509979344,-0.0
-0.0,-0.06850743968106177,-0.013889403108916482,-0.21248929302069738,-0.0
-0.0,-0.06987202772449524,-0.013823193702837053,-0.21199517963956627,-0.0
-0.0,-0.07027998376193624,-0.014061192761953523,-0.21366657202225828,-0.0
-0.08079723672405666,-0.06872458651930415,-0.014101969414037003,-0.21394125900872726,-0.0
-0.0,-0.06583351104557028,-0.014116305525296568,-0.21317454571693537,-0.0
-0.0,-0.06356084880856577,-0.01422280538928072,-0.21255702819919467,-0.0
-0.0,-0.06197549980297273,-0.014531793456234643,-0.2123041654795581,-0.0
-0.0,-0.0599651594329927,-0.014830363896854219,-0.20894232486872885,-0.0
-0.0,-0.058815916076866634,-0.015214042211778585,-0.20770153380801218,-0.0
-0.0,-0.05843846166015443,-0.015597313470164303,-0.20782929966068414,-0.0
-0.0,-0.05803682351364831,-0.0159891280654783,-0.2078649897814052,-0.0
-0.0,-0.05627659352177349,-0.016242036458572456,-0.20955817852959446,-0.0
-0.0,-0.05589510288763546,-0.01706063949915074,0.21232838592569847,-0.051094871466154185
-0.07890032183758507,-0.05095328987277182,-0.017187980924136172,0.20883045194442132,-0.05068212960431101
-0.0,-0.04679604991731239,-0.017781443388471208,0.20943819711273,-0.05082637235058362
-0.0,-0.041312981851685256,-0.01807915431067826,0.210003584746971,-0.051369522819199764
-0.0,-0.035848685068221184,-0.018550654423143048,0.20770618764743926,-0.05082760119848254
-0.0,-0.028819447387516656,-0.018503494297039055,0.2076363801174448,-0.0
-0.07666440811408631,-0.026632842841255642,-0.018271172524164464,0.20574044792179097,-0.0
-0.0,-0.023998266340877785,-0.018230238754588235,0.20532963475216207,-0.0
-0.0,-0.018635660297267383,-0.018343604029468667,0.2060174031489308,-0.0
-0.0,-0.012296023594151955,-0.018095903340831773,0.2045834453974992,-0.0
-0.07498659714521708,-0.008851319926134967,-0.01794251089356513,0.20349955633854191,-0.0
-0.0,-0.0013205428460484423,-0.018269037657484697,0.20327235291666906,-0.0
-0.0,-0.0013777772340050755,-0.01885831174331678,0.2023256044146892,-0.0
-0.0,-0.004058352788388414,-0.01955276065636333,0.2031634408178911,-0.0
-0.0,-0.01041480452363261,-0.01950808587121823,0.20318875324022306,-0.0
-0.0,-0.013921006413114886,-0.019508906671587268,0.20335990098936776,-0.0
-0.07464903355142363,-0.016917367191009537,-0.019577426928091002,0.20324757549939912,-0.0
-0.0,-0.01567105306638586,-0.019456550797968458,0.20205292098050548,-0.0
-0.0,-0.01385967073536514,-0.019895337186842842,0.20500294535464605,-0.0
-0.0,-0.010608757920251535,-0.02018998887301481,0.2063256115001893,-0.0
-0.0,-0.010065097039405585,-0.02036096417481059,0.20773304569395243,-0.0
-0.07695335126584334,-0.016270094244698004,-0.02157512256738706,0.20852188920723963,-0.0
-0.0,-0.02213408641674264,-0.021420814819096783,0.20888935463077768,-0.0
-0.0,-0.03225629758680024,-0.023602863481597125,-0.2129371318856696,-0.0
-0.0,-0.041148653852940406,-0.02492923775174027,-0.21542455708066152,-0.0
-0.0,-0.05012612406961779,-0.024938692918481112,-0.21507904848764342,-0.0
-0.0,-0.053531103996428755,-0.023615610629067096,-0.21422302624782535,-0.0
-0.0,-0.05754822250057255,-0.025034405538105153,-0.21748297775947975,-0.0
-0.08487109127640229,-0.06132017023851729,-0.026851689372084403,-0.21547809263832668,-0.0
-0.0,-0.0633582888335008,-0.023191496290958798,-0.21554736839194893,-0.0
-0.0,-0.06567832377606245,-0.019312461274465082,-0.2194095984149399,-0.0
-0.0,-0.06884051558096813,-0.01634625303702986,-0.22631616599252177,-0.0
0.09456128765820342,-0.06698112375865706,-0.007916937195517048,-0.2260205489165087,-0.0
-0.0,-0.06355676461223107,-0.0002621545308533938,-0.22554677704967682,-0.0
-0.0,-0.06443080300044746,0.004091351764497315,-0.23171785682968427,-0.0
-0.0,-0.06258662917772054,0.007779676126237438,-0.23231753064608088,-0.0
-0.0,-0.058610350616507406,0.009583970341099325,-0.23010115563091577,-0.0
-0.0,-0.05199601141613528,0.010518343922203752,-0.23039846083555557,-0.0
-0.0,-0.04594821410684782,0.010476859091510011,-0.22958579530448534,-0.0
-0.0,-0.036489693280326196,0.010640787492960999,-0.22942954030116894,-0.0
-0.0,-0.027344251277006102,0.010693985881206663,-0.2306318001514463,-0.0
-0.0,-0.019651352607054893,0.010326579865336222,-0.23047831382617373,-0.0
-0.0,-0.01982179778174882,0.01016438138028519,-0.23154791198535837,-0.0
-0.0,-0.022100278533317023,0.009662104259188545,-0.23073579197545563,-0.0
-0.0,-0.025126080635136754,0.00931470946784959,0.0,-0.034773842651811056
-0.0,-0.02816862015624821,0.011552828367437425,0.0,-0.035314470710544624
-0.09899539249446908,-0.034615613065118525,0.01033077226095379,0.0,-0.07565287009996188
-0.0,-0.03902313777878482,0.007882437472198429,0.0,-0.11842284514467884
-0.0,-0.04430287895336898,0.0036764490711471195,0.0,-0.16069575515744627
-0.0,-0.04847701096537068,-0.0012417661774435055,0.0,-0.16568288324527672
-0.09595124365775,-0.05600385072317097,-0.006889088943289987,0.0,-0.20862420538600365
-0.0,-0.05904330466926965,-0.01316457857959669,0.0,-0.209114348060732
-0.0,-0.060537140517322396,-0.018113124844356326,0.0,-0.2080561979908619
-0.0,-0.057595795433151284,-0.02148035299899146,0.0,-0.20777144499549685
-0.0,-0.057194597166084674,-0.02677378336602204,0.0,-0.20846435912775965
-0.0,-0.051484621531216614,-0.03297307664575401,0.0,-0.20348049759513895
-0.0,-0.0436177448198077,-0.03818163763475138,0.0,-0.2018329296549034
-0.0,-0.030050239218872836,-0.043922861306979435,0.0,-0.20107538287805257
-0.0,-0.019219238105945908,-0.05002364655902444,0.0,-0.19683533505382547
-0.0,-0.007775347626886583,-0.0540490184092387,0.0,-0.1976928526429437
-0.0,0.0015583762608248567,-0.057384038460302864,0.0,-0.20358709408798942
-0.0,0.010270812200039203,-0.06086801083000955,0.0,-0.20950001572117774
-0.0,0.013758631193569822,-0.06398133559179157,0.0,-0.21372349041603997
-0.0,0.013263998442019953,-0.06636402732893945,0.0,-0.17324465320133894
-0.0,0.017451824022304486,-0.0688541775061425,0.0,-0.179014466863016
-0.0,0.020721693272473557,-0.07115063216248105,0.0,-0.1849445736168853
-0.0,0.019615310759839674,-0.07485264621320473,0.23977254002557566,-0.14359495476953243
-0.0,0.019374562903728545,-0.0761182523554336,0.23843265487443943,-0.15348405400758242
-0.0,0.021627298256731178,-0.07794599107779285,0.2380487731892134,-0.21198627823918817
-0.0,0.010031602679449162,-0.07855291047154751,0.2344030217284428,-0.22086929229014698
-0.0,0.0002163611288583809,-0.08110794066738135,0.23732904164305793,-0.23134202309718224
-0.0,-0.008761180069738072,-0.08219179155160444,0.23742711435221697,-0.29581831079548565
-0.10548873931232743,-0.019479473951320648,-0.08303235516607638,0.23750443735330518,-0.29898197310016256
-0.1051590703663586,-0.030177110551322148,-0.08320410453450275,0.2381008374167299,-0.30203164275675676
-0.0,-0.03477438098541552,-0.08333782888198368,0.2375423063903519,-0.3036536216495284
-0.0,-0.04291666963432572,-0.08388763007604493,0.23814547112557635,-0.309698141168026
-0.0,-0.04767080718780202,-0.08416181435518888,0.2380183067634063,-0.3098091826733851
-0.0,-0.05682022519720918,-0.08463852239336295,0.23883130320574386,-0.31616241258188804
-0.0,-0.06356080365559301,-0.08523413566096572,0.23919030563754473,-0.317847381451411
-0.0,-0.06548207268883866,-0.08586397144535254,0.23943322949845527,-0.3198532632335184
-0.0,-0.06023841721319396,-0.0862155933468381,0.2375637806286831,-0.31856907587722744
-0.0,-0.056223377515796216,-0.08660785947539608,0.23732003930606146,-0.3113559833788922
-0.0,-0.04961052451091089,-0.08704709340830792,0.23780276961979857,-0.3044324554187498
-0.10232121928905169,-0.04004679240467525,-0.08599921112182975,0.23469325916678557,-0.29031570087298914
-0.0,-0.04087910835430626,-0.07969190007370125,0.2239870512675012,-0.2733100357495933
-0.0,-0.053485381338311426,-0.07953278528304619,0.2230503138811768,-0.2709317455003242
-0.09212649703961734,-0.06829766904427437,-0.08069547182018091,0.22281508407471975,-0.26440423891733
-0.0,-0.07518663248907936,-0.08186715757109259,0.2216719591734108,-0.2536374085892825
-0.09232610184511376,-0.09182360723259238,-0.08483043679231005,0.0,-0.24506452824696265
-0.0,-0.09198723671723895,-0.08562170833677343,0.0,-0.23175115947325733
-0.0,-0.08832214282589577,-0.08553782042142165,0.0,-0.22269238308655878
-0.0,-0.08467910996432534,-0.08410892481613966,0.0,-0.21781107709074388
-0.0,-0.08709499465935597,-0.08287565254913719,0.0,-0.21860965542979635
-0.0,-0.08615917053963977,-0.08128596215323064,0.0,-0.22212046353559967
-0.09228450121165925,-0.0844246761249876,-0.08185594334354995,0.0,-0.21945101834534986
-0.0,-0.0810880771504268,-0.08219539695769656,0.0,-0.21292787607459135
-0.0,-0.07125683126689623,-0.08200648553533994,0.0,-0.2027130981761109
-0.0,-0.06519698966261252,-0.08152519710867111,0.0,-0.19154235559672045
-0.0,-0.05651267032183535,-0.07899564437402895,0.0,-0.17856970226258295
-0.0,-0.04720659975706216,-0.07124935449847415,0.0,-0.17104619745932667
-0.0,-0.04195408269653119,-0.05962990444945385,0.0,-0.16928825057784447
-0.09492748913392704,-0.038122988078281406,-0.046568272912286546,0.0,-0.16805692648700477
-0.0,-0.030358891605629674,-0.033855104124366854,0.0,-0.16998955136764812
-0.09461441637825614,-0.023785106140050905,-0.023147586086261464,0.0,-0.1748586687017578
-0.0,-0.018166017407741843,-0.01732458974076977,0.0,-0.14346043178949497
-0.0,-0.011781429054245453,-0.016502473324707993,0.0,-0.10933734691574568
-0.0,-0.007021745064614233,-0.016314702716794624,0.0,-0.11045064965487389
-0.0,-0.007143267124728834,-0.01612015342209457,0.0,-0.07537917725496399
-0.0,-0.010124666115101643,-0.01637591914066926,0.0,-0.03820753880299543
-0.0,-0.017833003940668224,-0.01589526422792357,0.0,-0.03846401466975434
-0.11353396442909194,-0.02492195936224871,-0.01344058556672139,0.0,-0.03899917468778884
-0.0,-0.0286167124486832,-0.008530676501676016,0.0,-0.04361627346056836
-0.0,-0.02981673917158964,-0.002713351246493483,0.0,-0.087377344146434
-0.0,-0.032348872591029844,0.00408686516124532,0.0,-0.0882236641855413
-0.0,-0.02196274633810149,0.012108483444110646,0.0,-0.12849845254429332
-0.0,-0.013259812411074141,0.019019248857874923,0.0,-0.12851161271844644
-0.0,-0.007826988824750466,0.023774659186214412,0.0,-0.12215472998197094
-0.0,-0.00582742752176604,0.031372503461987555,0.0,-0.11915900430954732
-0.0,0.002103099531150878,0.04044423275430732,0.0,-0.15961580290471158
-0.0,-0.0018213578640039606,0.04744244703609612,0.0,-0.15963560076906533
-0.0,-0.006554093387465342,0.05567982864369173,0.0,-0.19743961972173033
-0.0,-0.007792069861199628,0.06480341167663936,0.0,-0.19633692408837322
-0.0,-0.006250767007763539,0.0711414154735284,0.0,-0.15697829706398522
-0.0,-0.009930334741673895,0.07527825704439868,0.0,-0.11724737175056497
-0.0,-0.0056923115199067524,0.07770103762926088,0.0,-0.07572820128924235
-0.1338029609913629,-0.003528480801613361,0.08127424085298872,0.0,-0.037978838985661054
-0.0,-0.002627532429353907,0.08669235120158875,0.0,-0.0
-0.0,-0.0019689981695523153,0.09222916697066545,0.0,-0.0
-0.13980444934431865,0.0030638970526349154,0.09629534315524986,0.0,-0.0
-0.0,0.009615249036540287,0.0961659790076165,0.0,-0.0
-0.0,0.014254808329875227,0.10326866473146698,0.0,-0.0
-0.14536603256759636,0.01844895152156018,0.10422818184011459,0.0,-0.0
-0.14855616767667598,0.02593920789419737,0.10676181322251023,0.0,-0.0
-0.0,0.02856736048607253,0.1070291685814737,0.0,-0.04669967884429737
-0.0,0.025635012832404082,0.10559546674762697,0.0,-0.09646795565350966
-0.0,0.028427926006859148,0.10427029330508483,0.0,-0.1484058657464897
-0.0,0.022336885681551115,0.09438399421483853,0.0,-0.20555324543055975
-0.0,0.014751976802210366,0.09169286370797756,0.0,-0.2600850656597908
-0.0,0.014120319450674733,0.08923801078311074,0.0,-0.27049202048174054
-0.0,0.01674299315763981,0.08249153845907257,0.0,-0.2799967169851944
-0.0,0.015656151211815652,0.08111134144598518,0.0,-0.28414677167722024
-0.0,0.025213356988161212,0.07150824030759438,0.0,-0.2810775547903391
-0.0,0.030898973050860666,0.06702080084631303,0.0,-0.28893800538166897
-0.0,0.028831965408175893,0.05939508156035838,0.0,-0.29576402458731976
-0.0,0.025776207498477165,0.05056079484606676,0.0,-0.2975327622475865
-0.0,0.028455837214479574,0.039393778176239166,0.0,-0.2408934697335953
-0.0,0.027998729158822473,0.031653126842860355,0.0,-0.2385944788071757
-0.0,0.031029195357567683,0.02548586327132732,0.0,-0.23826649453478288
-0.0,0.03491900400199898,0.02232965186393776,0.0,-0.24117394488734425
-0.1924750077010467,0.034327054455508925,0.019774659565965948,0.0,-0.24298734099716246
-0.0,0.02702049872665323,0.017329509373144397,0.0,-0.31022700904331285
-0.0,0.02046675533688759,0.016678740304228164,0.0,-0.3138106390943551
-0.1923368177041024,0.014332126417195737,0.013882234221785627,0.0,-0.31318305007191716
-0.0,0.01050003694282113,0.01100748191749607,0.0,-0.3159877430354692
-0.20516645413382775,0.01185215833052883,0.00836073259701871,0.0,-0.3282086708668569
-0.20631702529635082,0.01887256523604589,0.005674835999142121,0.0,-0.3273011858992463
-0.20556618829706463,0.03067890935190849,0.0030187284760273356,0.0,-0.33175274579228115
-0.20836201289521908,0.045369676205659085,0.0021823531758565643,0.0,-0.3387976620186469
-0.20843773395884266,0.06486172981864123,0.0013314170130926106,0.0,-0.3390178044297034
-0.21042898690226963,0.07846794383011921,0.00011820457686175037,0.0,-0.34056577274728156
-0.0,0.09336157975138788,-0.0016538858163355056,0.0,-0.3429590233759018
-0.2041612320764023,0.09931794130048474,-0.008207218291593585,0.0,-0.3416499134536735
-0.0,0.10837376560988349,-0.03179222796635244,0.0,-0.3518888450944678
-0.0,0.1052786176094801,-0.06725950221525379,0.0,-0.36183041906989344
-0.0,0.10930537807514437,-0.10478911370209677,0.0,-0.3685864585978305
-0.0,0.09899511838368039,-0.1418923631096718,0.0,-0.3761307705968546
-0.0,0.08292240329579435,-0.1687556433856425,0.0,-0.3784412989450445
-0.20933814093405062,0.07088604436420981,-0.17625612654137612,0.0,-0.3755315745221329
-0.0,0.06925745307867559,-0.17479275995390886,0.0,-0.3755269143460665
-0.0,0.06600555761816908,-0.17202031303584864,0.0,-0.37802121598395855
-0.0,0.07210490463536502,-0.1719653188847704,0.0,-0.37772282331419044
-0.0,0.08224827818331346,-0.17100056893386667,0.0,-0.3714845185499372
-0.0,0.09764505642680245,-0.16990798255859355,0.0,-0.37957270789988223
-0.22109153298053866,0.10930313194966465,-0.1697078044875735,0.0,-0.3801046769531426
-0.0,0.11798592155757111,-0.16899400586124766,0.0,-0.38112367229615485
-0.0,0.12015236474757934,-0.16856422559761294,0.0,-0.38262700910542724
-0.0,0.12302796820325346,-0.17123305988492166,0.0,-0.3921276908755567
-0.0,0.11521414391683023,-0.17138291891036517,0.0,-0.39755757485071525
-0.0,0.10332031475307285,-0.170890648433409,0.0,-0.4034963027261824
-0.0,0.09073274794233768,-0.16954456274354807,0.0,-0.4099920238094249
-0.0,0.08966825599919821,-0.16436387915386508,0.0,-0.4142855811477939
-0.2210176493795583,0.09459438529271712,-0.16340382871147263,0.0,-0.40864648837740575
-0.20767090656136789,0.11323562252319815,-0.14971442764220982,0.0,-0.40181138651082976
-0.180194472516907,0.138063888723676,-0.14106748887596454,0.0,-0.3778452530419703
-0.0,0.17262394201694206,-0.24022296959896422,0.0,-0.390914480449783
-0.17666363867633458,0.19542195084613598,-0.32904853024686437,0.0,-0.3919300360761109
-0.1762550181117956,0.21666687786999445,-0.4271166807076614,0.0,-0.32070060313404636
-0.17613300711027474,0.21860363384597611,-0.5013349392514643,0.0,-0.24789364805324426
-0.1740677769611003,0.2090297410661533,-0.5754552755317854,0.0,-0.2426285216997108
-0.17592460239677457,0.20754425303884622,-0.580840910631186,0.0,-0.23867591578590075
-0.17832618019920254,0.20806471520417133,-0.6122673599816423,0.0,-0.24935392509937998
-0.17903974642875992,0.207928736989006,-0.6135932447138158,0.0,-0.3376096793425394
-0.1769905239689852,0.17369052981919053,-0.4655676328695147,0.0,-0.4246764462827486
-0.17976641460894502,0.17428962673116652,-0.4647100932118176,0.0,-0.43711243040976694
-0.18123744808536488,0.17168947323280156,-0.4734007795584374,0.0,-0.4472119355240401
-0.19020973512751582,0.1723179378900535,-0.4655540872746636,0.0,-0.46705360018105485
-0.19082826002767425,0.17286890097441093,-0.46678755327134286,0.0,-0.4718551538066423
-0.1910061048663024,0.16834094405668656,-0.46197199353145263,-0.36088236592997824,-0.47480151354350714
-0.19543264578032565,0.15920510258473086,-0.44402450377663905,-0.36558669644168357,-0.47924283142990304
-0.19705706281977634,0.15643993130087408,-0.43716793607739013,-0.3700442735584164,-0.4804768386037427
-0.0,0.1575993435723224,-0.4395396127300179,-0.3721669954707927,-0.48665047551928947
-0.1969591812902705,0.1571208245262559,-0.43763896483145953,-0.36718719397068567,-0.47242958728904705
-0.0,0.15417998932570193,-0.4379710810425069,-0.3673616845085049,-0.47210968849536966
-0.0,0.1528955622080009,-0.4353066432159014,-0.36679337913276666,-0.46597294306587306
-0.0,0.15036046827104152,-0.42730186271084336,-0.3671030772161839,-0.4553414990152829
-0.0,0.14737095228499886,-0.4201021660227791,-0.3669944779992336,-0.4476725229995765
-0.0,0.1484411687005907,-0.4222504190755207,-0.3688002439336319,-0.4481220987525701
0.20155369832017764,0.1379667569410354,-0.418945369943756,-0.36958010135067243,-0.355373002446895
-0.0,0.13377992780369174,-0.4108273094396817,-0.3661151777549616,-0.2635285562411336
-0.2059451096098223,0.136360012730049,-0.41763791351928903,-0.3740475687890868,-0.27411019368006656
-0.24350064864228482,0.15564317735555075,-0.45009825253257907,-0.4086892752534828,-0.2010039376730006
-0.24606073214813895,0.1565125992010605,-0.4496342911027635,-0.4112053312442172,-0.1998533046481595
-0.26268565579260517,0.16216104028178846,-0.4621500294051367,-0.42226893945560323,-0.3047629743700615
-0.2725976043050321,0.16364358474488624,-0.4686974607682953,-0.4294046507803836,-0.4092607421064038
-0.0,0.16457805814843204,-0.46952601687622386,-0.4330781890425955,-0.41006023493264565
-0.0,0.16490723403042312,-0.47214436002193283,-0.43319503837317985,-0.517398862475242
-0.27833938070733727,0.16405486948477124,-0.47268840497444836,-0.4331592308307097,-0.5185641889922102
-0.28445886886142696,0.1693474461714501,-0.4783197928139908,-0.4380523046130779,-0.5213597356293913
-0.28577797392303383,0.16211395564576417,-0.47477829462290194,-0.43817881066987313,-0.4194398532985035
-0.28572472146605193,0.16215679427674257,-0.47268468783090717,0.0,-0.3127301921360654
